"name","total_covid_cases","iso2c","year","Poverty headcount ratio at $1.90 a day (2011 PPP) (% of population)","Prevalence of stunting, height for age (% of children under 5)","Prevalence of underweight, weight for age (% of children under 5)","Adolescents out of school (% of lower secondary school age)","Children out of school (% of primary school age)","Literacy rate (or illiteracy)","PM2.5 air pollution, population exposed to levels exceeding WHO guideline value (% of total)","People using safely managed drinking water services (% of population) (compare to opposite)","People with basic handwashing facilities including soap and water (% of population)","Low-birthweight babies (% of births)","Population","covid_case_pct_pop","covid_case_per_1000","covid_case_per_100000"
"Afghanistan",11483966,"AF",2017,NA,NA,NA,NA,NA,NA,100,NA,37.7460320188898,NA,NA,NA,11483.966,114.83966
"Afghanistan",11483966,"AF",2018,NA,38.2,19.1,NA,NA,43.019718170166,NA,NA,NA,NA,NA,NA,11483.966,114.83966
"Afghanistan",11483966,"AF",2019,NA,NA,NA,NA,NA,NA,NA,NA,NA,NA,38041754,0.301877931285713,11483.966,114.83966
"Albania",8003558,"AL",2015,NA,NA,NA,NA,NA,NA,NA,NA,NA,4.58783009999999,NA,NA,8003.558,80.03558
"Albania",8003558,"AL",2017,1.3,11.3,1.5,NA,NA,NA,99.9999999999643,70.0231498383663,NA,NA,NA,NA,8003.558,80.03558
"Albania",8003558,"AL",2018,NA,NA,NA,NA,NA,98.1411514282227,NA,NA,NA,NA,NA,NA,8003.558,80.03558
"Albania",8003558,"AL",2019,NA,NA,NA,3.69732999801636,2.10688996315002,NA,NA,NA,NA,NA,2854191,2.80414239972027,8003.558,80.03558
"Algeria",16440878,"DZ",2015,NA,NA,NA,NA,NA,NA,NA,NA,NA,7.252492,NA,NA,16440.878,164.40878
"Algeria",16440878,"DZ",2017,NA,NA,NA,NA,NA,NA,100,NA,83.7406026903617,NA,NA,NA,16440.878,164.40878
"Algeria",16440878,"DZ",2018,NA,NA,NA,NA,NA,81.4078369140625,NA,NA,NA,NA,NA,NA,16440.878,164.40878
"Algeria",16440878,"DZ",2019,NA,NA,NA,NA,0.390439987182617,NA,NA,NA,NA,NA,43053054,0.38187483749701,16440.878,164.40878
"Andorra",1212124,"AD",2015,NA,NA,NA,NA,NA,NA,NA,NA,NA,7.44540549999999,NA,NA,1212.124,12.12124
"Andorra",1212124,"AD",2017,NA,NA,NA,NA,NA,NA,17.8244594869492,90.6399966306356,NA,NA,NA,NA,1212.124,12.12124
"Andorra",1212124,"AD",2019,NA,NA,NA,NA,NA,NA,NA,NA,NA,NA,77142,15.7128931062197,1212.124,12.12124
"Angola",2410164,"AO",2015,NA,37.6,19,NA,NA,NA,NA,NA,NA,15.256593,NA,NA,2410.164,24.10164
"Angola",2410164,"AO",2017,NA,NA,NA,NA,NA,NA,100,NA,26.6641825709428,NA,NA,NA,2410.164,24.10164
"Angola",2410164,"AO",2018,51.8,NA,NA,NA,NA,NA,NA,NA,NA,NA,NA,NA,2410.164,24.10164
"Angola",2410164,"AO",2019,NA,NA,NA,NA,NA,NA,NA,NA,NA,NA,31825295,0.0757310812044319,2410.164,24.10164
"Antigua and Barbuda",38760,"AG",2015,NA,NA,NA,NA,NA,98.9499969482422,NA,NA,NA,9.05411909999999,NA,NA,38.76,0.3876
"Antigua and Barbuda",38760,"AG",2017,NA,NA,NA,NA,NA,NA,100,NA,NA,NA,NA,NA,38.76,0.3876
"Antigua and Barbuda",38760,"AG",2018,NA,NA,NA,1.43780994415283,0.689899981021881,NA,NA,NA,NA,NA,NA,NA,38.76,0.3876
"Antigua and Barbuda",38760,"AG",2019,NA,NA,NA,NA,NA,NA,NA,NA,NA,NA,97118,0.399102123190346,38.76,0.3876
"Argentina",251978796,"AR",2015,NA,NA,NA,NA,NA,NA,NA,NA,NA,7.3467579,NA,NA,251978.796,2519.78796
"Argentina",251978796,"AR",2017,NA,NA,NA,0.00779000017791986,0.432689994573593,NA,93.8528246666324,NA,NA,NA,NA,NA,251978.796,2519.78796
"Argentina",251978796,"AR",2018,1.3,NA,NA,NA,NA,99.0038681030273,NA,NA,NA,NA,NA,NA,251978.796,2519.78796
"Argentina",251978796,"AR",2019,NA,7.9,1.7,NA,NA,NA,NA,NA,NA,NA,44938712,5.60716551021756,251978.796,2519.78796
"Armenia",23683709,"AM",2015,NA,NA,NA,NA,NA,NA,NA,NA,NA,8.97909929999999,NA,NA,23683.709,236.83709
"Armenia",23683709,"AM",2016,NA,9.4,2.6,NA,NA,NA,NA,NA,NA,NA,NA,NA,23683.709,236.83709
"Armenia",23683709,"AM",2017,NA,NA,NA,NA,NA,99.7360687255859,100,86.4763548512362,94.0429413735251,NA,NA,NA,23683.709,236.83709
"Armenia",23683709,"AM",2018,1.4,NA,NA,NA,NA,NA,NA,NA,NA,NA,NA,NA,23683.709,236.83709
"Armenia",23683709,"AM",2019,NA,NA,NA,10.2948198318481,8.87942028045654,NA,NA,NA,NA,NA,2957731,8.00739113868029,23683.709,236.83709
"Australia",6673556,"AU",2015,NA,NA,NA,NA,NA,NA,NA,NA,NA,6.5194602,NA,NA,6673.556,66.73556
"Australia",6673556,"AU",2017,NA,NA,NA,NA,NA,NA,24.8935837696774,NA,NA,NA,NA,NA,6673.556,66.73556
"Australia",6673556,"AU",2018,NA,NA,NA,2.45424008369446,0.428380012512207,NA,NA,NA,NA,NA,NA,NA,6673.556,66.73556
"Australia",6673556,"AU",2019,NA,NA,NA,NA,NA,NA,NA,NA,NA,NA,25364307,0.263108154305182,6673.556,66.73556
"Austria",44617585,"AT",2015,NA,NA,NA,NA,NA,NA,NA,NA,NA,6.5214977,NA,NA,44617.585,446.17585
"Austria",44617585,"AT",2017,0.3,NA,NA,NA,NA,NA,85.0515376653505,98.9062009731804,NA,NA,NA,NA,44617.585,446.17585
"Austria",44617585,"AT",2018,NA,NA,NA,0.312209993600845,0.043699998408556,NA,NA,NA,NA,NA,NA,NA,44617.585,446.17585
"Austria",44617585,"AT",2019,NA,NA,NA,NA,NA,NA,NA,NA,NA,NA,8877067,5.02616292070343,44617.585,446.17585
"Azerbaijan",25521263,"AZ",2015,NA,NA,NA,NA,NA,NA,NA,NA,NA,7.28260899999999,NA,NA,25521.263,255.21263
"Azerbaijan",25521263,"AZ",2017,NA,NA,NA,NA,NA,99.7912292480469,100,73.5643314527719,83.2413,NA,NA,NA,25521.263,255.21263
"Azerbaijan",25521263,"AZ",2019,NA,NA,NA,0.172849997878075,8.45024967193604,NA,NA,NA,NA,NA,10023318,2.54618909626533,25521.263,255.21263
"Bahamas",1222670,NA,NA,NA,NA,NA,NA,NA,NA,NA,NA,NA,NA,NA,NA,1222.67,12.2267
"Bahrain",18631652,"BH",2015,NA,NA,NA,NA,NA,NA,NA,NA,NA,11.907553,NA,NA,18631.652,186.31652
"Bahrain",18631652,"BH",2017,NA,NA,NA,NA,NA,NA,100,98.9832621252058,NA,NA,NA,NA,18631.652,186.31652
"Bahrain",18631652,"BH",2018,NA,NA,NA,NA,NA,97.4641876220703,NA,NA,NA,NA,NA,NA,18631.652,186.31652
"Bahrain",18631652,"BH",2019,NA,NA,NA,3.73934006690979,2.34450006484985,NA,NA,NA,NA,NA,1641172,11.3526504229904,18631.652,186.31652
"Bangladesh",98084120,"BD",2015,NA,NA,NA,NA,NA,NA,NA,NA,NA,27.80978,NA,NA,98084.12,980.8412
"Bangladesh",98084120,"BD",2016,14.5,NA,NA,NA,NA,NA,NA,NA,NA,NA,NA,NA,98084.12,980.8412
"Bangladesh",98084120,"BD",2017,NA,NA,NA,NA,NA,NA,100,55.4412263929523,34.8076036069316,NA,NA,NA,98084.12,980.8412
"Bangladesh",98084120,"BD",2018,NA,30.8,21.9,NA,NA,NA,NA,NA,NA,NA,NA,NA,98084.12,980.8412
"Bangladesh",98084120,"BD",2019,NA,NA,NA,NA,NA,74.6844635009766,NA,NA,NA,NA,163046161,0.60157270430918,98084.12,980.8412
"Barbados",128801,"BB",2016,NA,NA,NA,NA,NA,NA,NA,NA,88.4693506083686,NA,NA,NA,128.801,1.28801
"Barbados",128801,"BB",2017,NA,NA,NA,NA,NA,NA,100,NA,NA,NA,NA,NA,128.801,1.28801
"Barbados",128801,"BB",2019,NA,NA,NA,5.01318979263306,1.06817996501923,NA,NA,NA,NA,NA,287025,0.448744882849926,128.801,1.28801
"Belarus",33719032,"BY",2015,NA,NA,NA,NA,NA,NA,NA,NA,NA,5.06382319999999,NA,NA,33719.032,337.19032
"Belarus",33719032,"BY",2017,NA,NA,NA,NA,NA,NA,99.9313519680704,94.5213903013651,NA,NA,NA,NA,33719.032,337.19032
"Belarus",33719032,"BY",2018,0,NA,NA,1.05734002590179,1.30255997180939,99.7565612792969,NA,NA,NA,NA,NA,NA,33719.032,337.19032
"Belarus",33719032,"BY",2019,NA,NA,NA,NA,NA,NA,NA,NA,NA,NA,9466856,3.56179834149796,33719.032,337.19032
"Belgium",92477835,"BE",2015,NA,NA,NA,NA,NA,NA,NA,NA,NA,7.254601,NA,NA,92477.835,924.77835
"Belgium",92477835,"BE",2017,0.1,NA,NA,NA,NA,NA,91.9485403518636,99.5231889841464,NA,NA,NA,NA,92477.835,924.77835
"Belgium",92477835,"BE",2018,NA,NA,NA,0.858690023422241,0.519879996776581,NA,NA,NA,NA,NA,NA,NA,92477.835,924.77835
"Belgium",92477835,"BE",2019,NA,NA,NA,NA,NA,NA,NA,NA,NA,NA,11484055,8.0527161355462,92477.835,924.77835
"Belize",1221227,"BZ",2015,NA,15,4.6,NA,NA,NA,NA,NA,NA,8.5988007,NA,NA,1221.227,12.21227
"Belize",1221227,"BZ",2017,NA,NA,NA,NA,NA,NA,100,NA,90.082766643261,NA,NA,NA,1221.227,12.21227
"Belize",1221227,"BZ",2019,NA,NA,NA,10.0421600341797,0.484950006008148,NA,NA,NA,NA,NA,390353,3.1285195707475,1221.227,12.21227
"Benin",682147,"BJ",2015,49.6,NA,NA,NA,NA,NA,NA,NA,NA,16.890917,NA,NA,682.147,6.82147
"Benin",682147,"BJ",2017,NA,NA,NA,NA,NA,NA,100,NA,11.0349134296055,NA,NA,NA,682.147,6.82147
"Benin",682147,"BJ",2018,NA,32.2,16.8,NA,NA,42.3624000549316,NA,NA,NA,NA,NA,NA,682.147,6.82147
"Benin",682147,"BJ",2019,NA,NA,NA,NA,6.47359991073608,NA,NA,NA,NA,NA,11801151,0.0578034295129348,682.147,6.82147
"Bhutan",99449,"BT",2015,NA,NA,NA,NA,NA,NA,NA,NA,NA,11.662965,NA,NA,99.449,0.99449
"Bhutan",99449,"BT",2017,1.5,NA,NA,NA,NA,66.561149597168,100,36.1631110705627,NA,NA,NA,NA,99.449,0.99449
"Bhutan",99449,"BT",2018,NA,NA,NA,12.0171699523926,NA,NA,NA,NA,NA,NA,NA,NA,99.449,0.99449
"Bhutan",99449,"BT",2019,NA,NA,NA,NA,NA,NA,NA,NA,NA,NA,763092,0.130323735539096,99.449,0.99449
"Bhutan",99449,"BT",2020,NA,NA,NA,NA,3.65422010421753,NA,NA,NA,NA,NA,NA,NA,99.449,0.99449
"Bolivia",34018319,"BO",2015,NA,NA,NA,NA,NA,92.455078125,NA,NA,NA,7.22233489999999,NA,NA,34018.319,340.18319
"Bolivia",34018319,"BO",2016,NA,16.1,3.4,NA,NA,NA,NA,NA,NA,NA,NA,NA,34018.319,340.18319
"Bolivia",34018319,"BO",2017,NA,NA,NA,NA,NA,NA,99.9991320215104,NA,25.3828990744977,NA,NA,NA,34018.319,340.18319
"Bolivia",34018319,"BO",2018,4.5,NA,NA,13.4680795669556,6.78708982467651,NA,NA,NA,NA,NA,NA,NA,34018.319,340.18319
"Bolivia",34018319,"BO",2019,NA,NA,NA,NA,NA,NA,NA,NA,NA,NA,11513100,2.95474885130851,34018.319,340.18319
"Bosnia and Herzegovina",14693596,"BA",2015,NA,NA,NA,NA,NA,NA,NA,NA,NA,3.39568659999999,NA,NA,14693.596,146.93596
"Bosnia and Herzegovina",14693596,"BA",2016,NA,NA,NA,NA,NA,NA,NA,NA,97.1638030400127,NA,NA,NA,14693.596,146.93596
"Bosnia and Herzegovina",14693596,"BA",2017,NA,NA,NA,NA,NA,NA,99.9552350286901,88.8418949003658,NA,NA,NA,NA,14693.596,146.93596
"Bosnia and Herzegovina",14693596,"BA",2019,NA,NA,NA,NA,NA,NA,NA,NA,NA,NA,3301000,4.45125598303544,14693.596,146.93596
"Botswana",2092131,"BW",2015,14.5,NA,NA,NA,NA,NA,NA,NA,NA,15.632107,NA,NA,2092.131,20.92131
"Botswana",2092131,"BW",2017,NA,NA,NA,NA,NA,NA,100,NA,NA,NA,NA,NA,2092.131,20.92131
"Botswana",2092131,"BW",2019,NA,NA,NA,NA,NA,NA,NA,NA,NA,NA,2303697,0.908162401565831,2092.131,20.92131
"Brazil",1386604225,"BR",2015,NA,NA,NA,NA,NA,NA,NA,NA,NA,8.3842697,NA,NA,1386604.225,13866.04225
"Brazil",1386604225,"BR",2017,NA,NA,NA,NA,NA,NA,68.1350300575805,NA,NA,NA,NA,NA,1386604.225,13866.04225
"Brazil",1386604225,"BR",2018,4.4,NA,NA,NA,NA,93.2275009155273,NA,NA,NA,NA,NA,NA,1386604.225,13866.04225
"Brazil",1386604225,"BR",2019,NA,NA,NA,NA,NA,NA,NA,NA,NA,NA,211049527,6.57004185088745,1386604.225,13866.04225
"Brunei",50997,NA,NA,NA,NA,NA,NA,NA,NA,NA,NA,NA,NA,NA,NA,50.997,0.50997
"Bulgaria",23155298,"BG",2015,NA,NA,NA,NA,NA,NA,NA,NA,NA,9.56008339999999,NA,NA,23155.298,231.55298
"Bulgaria",23155298,"BG",2017,1.4,NA,NA,NA,NA,NA,99.8946743201431,96.9459351944963,NA,NA,NA,NA,23155.298,231.55298
"Bulgaria",23155298,"BG",2018,NA,NA,NA,12.8575801849365,13.3049602508545,NA,NA,NA,NA,NA,NA,NA,23155.298,231.55298
"Bulgaria",23155298,"BG",2019,NA,NA,NA,NA,NA,NA,NA,NA,NA,NA,6975761,3.31939382670937,23155.298,231.55298
"Burkina Faso",1037338,"BF",2015,NA,NA,NA,NA,NA,NA,NA,NA,NA,13.137902,NA,NA,1037.338,10.37338
"Burkina Faso",1037338,"BF",2017,NA,NA,NA,NA,NA,NA,100,NA,11.877389332001,NA,NA,NA,1037.338,10.37338
"Burkina Faso",1037338,"BF",2018,NA,24.9,17.7,NA,NA,41.2244491577148,NA,NA,NA,NA,NA,NA,1037.338,10.37338
"Burkina Faso",1037338,"BF",2019,NA,NA,NA,46.1456413269043,21.8749008178711,NA,NA,NA,NA,NA,20321378,0.0510466366995388,1037.338,10.37338
"Burundi",179505,"BI",2015,NA,NA,NA,NA,NA,NA,NA,NA,NA,15.1313619999999,NA,NA,179.505,1.79505
"Burundi",179505,"BI",2017,NA,NA,NA,NA,NA,68.3753280639648,100,NA,6.14409936808611,NA,NA,NA,179.505,1.79505
"Burundi",179505,"BI",2019,NA,54.2,27.2,33.6690483093262,7.57962989807129,NA,NA,NA,NA,NA,11530580,0.0155677338000343,179.505,1.79505
"Cabo Verde",1971936,"CV",2015,3.4,NA,NA,NA,NA,86.7902908325195,NA,NA,NA,NA,NA,NA,1971.936,19.71936
"Cabo Verde",1971936,"CV",2017,NA,NA,NA,NA,NA,NA,100,NA,NA,NA,NA,NA,1971.936,19.71936
"Cabo Verde",1971936,"CV",2018,NA,NA,NA,13.4647397994995,6.44506978988647,NA,NA,NA,NA,NA,NA,NA,1971.936,19.71936
"Cabo Verde",1971936,"CV",2019,NA,NA,NA,NA,NA,NA,NA,NA,NA,NA,549935,3.58576195368544,1971.936,19.71936
"Cambodia",88657,"KH",2015,NA,NA,NA,13.3080902099609,NA,80.5264892578125,NA,NA,NA,12.12224,NA,NA,88.657,0.88657
"Cambodia",88657,"KH",2017,NA,NA,NA,NA,NA,NA,100,25.8455487850533,66.2286220956706,NA,NA,NA,88.657,0.88657
"Cambodia",88657,"KH",2019,NA,NA,NA,NA,9.35433959960938,NA,NA,NA,NA,NA,16486542,0.00537753763038968,88.657,0.88657
"Cameroon",5867300,"CM",2015,NA,NA,NA,NA,NA,NA,NA,NA,NA,11.961432,NA,NA,5867.3,58.673
"Cameroon",5867300,"CM",2016,NA,NA,NA,36.7166290283203,NA,NA,NA,NA,NA,NA,NA,NA,5867.3,58.673
"Cameroon",5867300,"CM",2017,NA,NA,NA,NA,NA,NA,100,NA,9.40206643360047,NA,NA,NA,5867.3,58.673
"Cameroon",5867300,"CM",2018,NA,28.9,11,NA,NA,77.0710372924805,NA,NA,NA,NA,NA,NA,5867.3,58.673
"Cameroon",5867300,"CM",2019,NA,NA,NA,NA,8.32814979553223,NA,NA,NA,NA,NA,25876380,0.226743462570885,5867.3,58.673
"Canada",89745237,"CA",2015,NA,NA,NA,0.0724800005555153,NA,NA,NA,NA,NA,6.3826098,NA,NA,89745.237,897.45237
"Canada",89745237,"CA",2017,0.2,NA,NA,NA,NA,NA,0,98.8608540486569,NA,NA,NA,NA,89745.237,897.45237
"Canada",89745237,"CA",2018,NA,NA,NA,NA,0.211909994482994,NA,NA,NA,NA,NA,NA,NA,89745.237,897.45237
"Canada",89745237,"CA",2019,NA,NA,NA,NA,NA,NA,NA,NA,NA,NA,37589262,2.387523250656,89745.237,897.45237
"Central African Republic",1228973,"CF",2015,NA,NA,NA,NA,NA,NA,NA,NA,NA,14.536402,NA,NA,1228.973,12.28973
"Central African Republic",1228973,"CF",2017,NA,NA,NA,NA,NA,NA,100,NA,NA,NA,NA,NA,1228.973,12.28973
"Central African Republic",1228973,"CF",2018,NA,40.8,20.8,NA,NA,37.3958206176758,NA,NA,NA,NA,NA,NA,1228.973,12.28973
"Central African Republic",1228973,"CF",2019,NA,NA,NA,NA,NA,NA,NA,NA,NA,NA,4745185,0.258993695714709,1228.973,12.28973
"Chad",451805,"TD",2015,NA,39.8,29.4,NA,NA,NA,NA,NA,NA,NA,NA,NA,451.805,4.51805
"Chad",451805,"TD",2016,NA,NA,NA,NA,NA,22.3115501403809,NA,NA,NA,NA,NA,NA,451.805,4.51805
"Chad",451805,"TD",2017,NA,NA,NA,NA,NA,NA,100,NA,5.81809377998824,NA,NA,NA,451.805,4.51805
"Chad",451805,"TD",2019,NA,NA,NA,62.2238616943359,26.1519794464111,NA,NA,NA,NA,NA,15946876,0.0283318814293157,451.805,4.51805
"Chile",131588128,"CL",2015,NA,NA,NA,NA,NA,NA,NA,NA,NA,6.24667119999999,NA,NA,131588.128,1315.88128
"Chile",131588128,"CL",2017,0.3,NA,NA,NA,NA,96.4022827148438,97.6630177077565,98.6391697263652,NA,NA,NA,NA,131588.128,1315.88128
"Chile",131588128,"CL",2018,NA,NA,NA,5.30411005020142,1.28386998176575,NA,NA,NA,NA,NA,NA,NA,131588.128,1315.88128
"Chile",131588128,"CL",2019,NA,NA,NA,NA,NA,NA,NA,NA,NA,NA,18952038,6.94321782174561,131588.128,1315.88128
"China",33909292,"CN",2015,NA,NA,NA,NA,NA,NA,NA,NA,NA,4.95258329999999,NA,NA,33909.292,339.09292
"China",33909292,"CN",2016,0.5,NA,NA,NA,NA,NA,NA,NA,NA,NA,NA,NA,33909.292,339.09292
"China",33909292,"CN",2017,NA,NA,NA,NA,NA,NA,99.9982944622564,NA,NA,NA,NA,NA,33909.292,339.09292
"China",33909292,"CN",2018,NA,NA,NA,NA,NA,96.8408889770508,NA,NA,NA,NA,NA,NA,33909.292,339.09292
"China",33909292,"CN",2019,NA,NA,NA,NA,NA,NA,NA,NA,NA,NA,1397715000,0.0242605194907402,33909.292,339.09292
"Colombia",266087528,"CO",2015,NA,NA,NA,NA,NA,NA,NA,NA,NA,9.95559309999999,NA,NA,266087.528,2660.87528
"Colombia",266087528,"CO",2016,NA,12.7,3.7,NA,NA,NA,NA,NA,NA,NA,NA,NA,266087.528,2660.87528
"Colombia",266087528,"CO",2017,NA,NA,NA,NA,NA,NA,92.1046289822956,73.2334257421982,65.3857581074716,NA,NA,NA,266087.528,2660.87528
"Colombia",266087528,"CO",2018,4.2,NA,NA,5.90650987625122,2.28297996520996,95.0925064086914,NA,NA,NA,NA,NA,NA,266087.528,2660.87528
"Colombia",266087528,"CO",2019,NA,NA,NA,NA,NA,NA,NA,NA,NA,NA,50339443,5.28586555874287,266087.528,2660.87528
"Comoros",226853,"KM",2015,NA,NA,NA,NA,NA,NA,NA,NA,NA,23.696138,NA,NA,226.853,2.26853
"Comoros",226853,"KM",2016,NA,NA,NA,NA,NA,NA,NA,NA,15.5735337189284,NA,NA,NA,226.853,2.26853
"Comoros",226853,"KM",2017,NA,NA,NA,NA,NA,NA,100,NA,NA,NA,NA,NA,226.853,2.26853
"Comoros",226853,"KM",2018,NA,NA,NA,19.2076396942139,18.1545104980469,58.8170204162598,NA,NA,NA,NA,NA,NA,226.853,2.26853
"Comoros",226853,"KM",2019,NA,NA,NA,NA,NA,NA,NA,NA,NA,NA,850886,0.266607982737993,226.853,2.26853
"Congo (Kinshasa)",3450477,NA,NA,NA,NA,NA,NA,NA,NA,NA,NA,NA,NA,NA,NA,3450.477,34.50477
"Costa Rica",24967644,"CR",2015,NA,NA,NA,NA,NA,NA,NA,NA,83.8410428210698,7.47728489999999,NA,NA,24967.644,249.67644
"Costa Rica",24967644,"CR",2017,NA,NA,NA,NA,NA,NA,99.6887933668832,93.8027969901436,NA,NA,NA,NA,24967.644,249.67644
"Costa Rica",24967644,"CR",2018,1.5,NA,NA,NA,NA,97.8637924194336,NA,NA,NA,NA,NA,NA,24967.644,249.67644
"Costa Rica",24967644,"CR",2019,NA,NA,NA,1.91448998451233,0.129789993166924,NA,NA,NA,NA,NA,5047561,4.94647692222045,24967.644,249.67644
"Cote d'Ivoire",5220433,"CI",2015,29.8,NA,NA,NA,NA,NA,NA,NA,NA,15.460178,NA,NA,5220.433,52.20433
"Cote d'Ivoire",5220433,"CI",2016,NA,21.6,12.8,NA,NA,NA,NA,NA,NA,NA,NA,NA,5220.433,52.20433
"Cote d'Ivoire",5220433,"CI",2017,NA,NA,NA,NA,NA,NA,100,36.5491037136841,19.3507969404948,NA,NA,NA,5220.433,52.20433
"Cote d'Ivoire",5220433,"CI",2018,NA,NA,NA,NA,NA,47.1653518676758,NA,NA,NA,NA,NA,NA,5220.433,52.20433
"Cote d'Ivoire",5220433,"CI",2019,NA,NA,NA,44.408260345459,4.99482011795044,NA,NA,NA,NA,NA,25716544,0.202999011064628,5220.433,52.20433
"Croatia",22531461,"HR",2015,NA,NA,NA,NA,NA,NA,NA,NA,NA,5.10363529999999,NA,NA,22531.461,225.31461
"Croatia",22531461,"HR",2017,0.5,NA,NA,NA,NA,NA,99.7796052732656,89.959411265514,NA,NA,NA,NA,22531.461,225.31461
"Croatia",22531461,"HR",2018,NA,NA,NA,0.874080002307892,1.61779999732971,NA,NA,NA,NA,NA,NA,NA,22531.461,225.31461
"Croatia",22531461,"HR",2019,NA,NA,NA,NA,NA,NA,NA,NA,NA,NA,4067500,5.53938807621389,22531.461,225.31461
"Cuba",2648594,"CU",2015,NA,NA,NA,NA,NA,NA,NA,NA,NA,5.26355739999999,NA,NA,2648.594,26.48594
"Cuba",2648594,"CU",2017,NA,NA,NA,NA,NA,NA,99.9999999999811,NA,85.1982075208693,NA,NA,NA,2648.594,26.48594
"Cuba",2648594,"CU",2019,NA,NA,NA,10.2308702468872,0.781610012054443,NA,NA,NA,NA,NA,11333483,0.233696384421276,2648.594,26.48594
"Cyprus",2654467,"CY",2017,0,NA,NA,NA,NA,NA,100,99.6132861489321,NA,NA,NA,NA,2654.467,26.54467
"Cyprus",2654467,"CY",2018,NA,NA,NA,0.273809999227524,0.575219988822937,NA,NA,NA,NA,NA,NA,NA,2654.467,26.54467
"Cyprus",2654467,"CY",2019,NA,NA,NA,NA,NA,NA,NA,NA,NA,NA,1198575,2.2146857726884,2654.467,26.54467
"Czechia",93811783,NA,NA,NA,NA,NA,NA,NA,NA,NA,NA,NA,NA,NA,NA,93811.783,938.11783
"Denmark",20008048,"DK",2015,NA,NA,NA,NA,NA,NA,NA,NA,NA,5.3433523,NA,NA,20008.048,200.08048
"Denmark",20008048,"DK",2017,0.1,NA,NA,NA,NA,NA,56.9144561104444,96.7346719357738,NA,NA,NA,NA,20008.048,200.08048
"Denmark",20008048,"DK",2018,NA,NA,NA,0.576460003852844,0.603749990463257,NA,NA,NA,NA,NA,NA,NA,20008.048,200.08048
"Denmark",20008048,"DK",2019,NA,NA,NA,NA,NA,NA,NA,NA,NA,NA,5818553,3.43866387399066,20008.048,200.08048
"Djibouti",1527501,"DJ",2015,NA,NA,NA,47.6613807678223,NA,NA,NA,NA,NA,NA,NA,NA,1527.501,15.27501
"Djibouti",1527501,"DJ",2017,17,NA,NA,NA,NA,NA,100,NA,NA,NA,NA,NA,1527.501,15.27501
"Djibouti",1527501,"DJ",2019,NA,NA,NA,NA,NA,NA,NA,NA,NA,NA,973560,1.56898496240602,1527.501,15.27501
"Djibouti",1527501,"DJ",2020,NA,NA,NA,NA,33.0039710998535,NA,NA,NA,NA,NA,NA,NA,1527.501,15.27501
"Dominica",15584,"DM",2017,NA,NA,NA,NA,NA,NA,100,NA,NA,NA,NA,NA,15.584,0.15584
"Dominica",15584,"DM",2019,NA,NA,NA,1.279629945755,3.72487998008728,NA,NA,NA,NA,NA,71808,0.217023172905526,15.584,0.15584
"Dominican Republic",32567676,"DO",2015,NA,NA,NA,NA,NA,NA,NA,NA,NA,11.294179,NA,NA,32567.676,325.67676
"Dominican Republic",32567676,"DO",2016,NA,NA,NA,NA,NA,93.7784576416016,NA,NA,NA,NA,NA,NA,32567.676,325.67676
"Dominican Republic",32567676,"DO",2017,NA,NA,NA,NA,NA,NA,99.9134426224712,NA,55.1819809572288,NA,NA,NA,32567.676,325.67676
"Dominican Republic",32567676,"DO",2018,0.4,NA,NA,NA,NA,NA,NA,NA,NA,NA,NA,NA,32567.676,325.67676
"Dominican Republic",32567676,"DO",2019,NA,NA,NA,5.6434497833252,3.95358991622925,NA,NA,NA,NA,NA,10738958,3.03266629779165,32567.676,325.67676
"Ecuador",41709248,"EC",2015,NA,NA,NA,NA,NA,NA,NA,NA,NA,11.180641,NA,NA,41709.248,417.09248
"Ecuador",41709248,"EC",2017,NA,NA,NA,NA,NA,92.8297882080078,98.3156239365569,75.0680124163761,80.6347784463545,NA,NA,NA,41709.248,417.09248
"Ecuador",41709248,"EC",2018,3.3,NA,NA,4.80926990509033,1.31207001209259,NA,NA,NA,NA,NA,NA,NA,41709.248,417.09248
"Ecuador",41709248,"EC",2019,NA,NA,NA,NA,NA,NA,NA,NA,NA,NA,17373662,2.40071713148328,41709.248,417.09248
"Egypt",29954551,NA,NA,NA,NA,NA,NA,NA,NA,NA,NA,NA,NA,NA,NA,29954.551,299.54551
"El Salvador",8341551,"SV",2015,NA,NA,NA,NA,NA,NA,NA,NA,NA,10.295944,NA,NA,8341.551,83.41551
"El Salvador",8341551,"SV",2017,NA,NA,NA,NA,NA,NA,100,NA,90.6496848510482,NA,NA,NA,8341.551,83.41551
"El Salvador",8341551,"SV",2018,1.5,NA,NA,16.9950408935547,13.6996698379517,89.0085983276367,NA,NA,NA,NA,NA,NA,8341.551,83.41551
"El Salvador",8341551,"SV",2019,NA,NA,NA,NA,NA,NA,NA,NA,NA,NA,6453553,1.29255171531093,8341.551,83.41551
"Equatorial Guinea",1242251,"GQ",2015,NA,NA,NA,NA,55.3030395507813,NA,NA,NA,24.6399682062548,NA,NA,NA,1242.251,12.42251
"Equatorial Guinea",1242251,"GQ",2017,NA,NA,NA,NA,NA,NA,100,NA,NA,NA,NA,NA,1242.251,12.42251
"Equatorial Guinea",1242251,"GQ",2019,NA,NA,NA,NA,NA,NA,NA,NA,NA,NA,1355986,0.916123765289612,1242.251,12.42251
"Eritrea",200309,"ER",2017,NA,NA,NA,NA,NA,NA,100,NA,NA,NA,NA,NA,200.309,2.00309
"Eritrea",200309,"ER",2018,NA,NA,NA,36.0802116394043,47.3481788635254,76.5705184936523,NA,NA,NA,NA,NA,NA,200.309,2.00309
"Estonia",3726642,"EE",2015,NA,NA,NA,NA,NA,NA,NA,NA,NA,4.3443718,NA,NA,3726.642,37.26642
"Estonia",3726642,"EE",2017,0.3,NA,NA,NA,NA,NA,0,93.3329932232526,NA,NA,NA,NA,3726.642,37.26642
"Estonia",3726642,"EE",2018,NA,NA,NA,1.19493997097015,2.15716004371643,NA,NA,NA,NA,NA,NA,NA,3726.642,37.26642
"Estonia",3726642,"EE",2019,NA,NA,NA,NA,NA,NA,NA,NA,NA,NA,1326590,2.80918897323212,3726.642,37.26642
"Eswatini",1720995,"SZ",2015,NA,NA,NA,2.76241993904114,NA,NA,NA,NA,NA,10.321427,NA,NA,1720.995,17.20995
"Eswatini",1720995,"SZ",2016,29.2,NA,NA,NA,NA,NA,NA,NA,NA,NA,NA,NA,1720.995,17.20995
"Eswatini",1720995,"SZ",2017,NA,NA,NA,NA,NA,NA,100,NA,24.0969633445971,NA,NA,NA,1720.995,17.20995
"Eswatini",1720995,"SZ",2018,NA,NA,NA,NA,16.3491401672363,88.4193801879883,NA,NA,NA,NA,NA,NA,1720.995,17.20995
"Eswatini",1720995,"SZ",2019,NA,NA,NA,NA,NA,NA,NA,NA,NA,NA,1148130,1.49895482218912,1720.995,17.20995
"Ethiopia",20395104,"ET",2015,32.6,NA,NA,47.0481300354004,14.3780698776245,NA,NA,NA,NA,NA,NA,NA,20395.104,203.95104
"Ethiopia",20395104,"ET",2017,NA,NA,NA,NA,NA,51.7711791992188,100,11.4447731632854,7.96038974707188,NA,NA,NA,20395.104,203.95104
"Ethiopia",20395104,"ET",2019,NA,36.8,21.1,NA,NA,NA,NA,NA,NA,NA,112078730,0.181971226833138,20395.104,203.95104
"Fiji",10652,"FJ",2016,NA,NA,NA,NA,0.556900024414063,NA,NA,NA,NA,NA,NA,NA,10.652,0.10652
"Fiji",10652,"FJ",2017,NA,NA,NA,NA,NA,99.0821075439453,82.8031823467088,NA,NA,NA,NA,NA,10.652,0.10652
"Fiji",10652,"FJ",2019,NA,NA,NA,NA,NA,NA,NA,NA,NA,NA,889953,0.011969171405681,10.652,0.10652
"Finland",5671042,"FI",2015,NA,NA,NA,NA,NA,NA,NA,NA,NA,4.12181619999999,NA,NA,5671.042,56.71042
"Finland",5671042,"FI",2017,0.1,NA,NA,NA,NA,NA,0,99.6331271382408,NA,NA,NA,NA,5671.042,56.71042
"Finland",5671042,"FI",2018,NA,NA,NA,0.0676599964499474,1.32710003852844,NA,NA,NA,NA,NA,NA,NA,5671.042,56.71042
"Finland",5671042,"FI",2019,NA,NA,NA,NA,NA,NA,NA,NA,NA,NA,5520314,1.02730424392525,5671.042,56.71042
"France",384335566,"FR",2015,NA,NA,NA,NA,NA,NA,NA,NA,NA,7.43715909999999,NA,NA,384335.566,3843.35566
"France",384335566,"FR",2017,0,NA,NA,NA,NA,NA,78.2135639205549,97.8537600127626,NA,NA,NA,NA,384335.566,3843.35566
"France",384335566,"FR",2018,NA,NA,NA,0.819850027561188,0.0421399995684624,NA,NA,NA,NA,NA,NA,NA,384335.566,3843.35566
"France",384335566,"FR",2019,NA,NA,NA,NA,NA,NA,NA,NA,NA,NA,67059887,5.7312289536068,384335.566,3843.35566
"Gabon",2319946,"GA",2015,NA,NA,NA,NA,NA,NA,NA,NA,NA,14.21289,NA,NA,2319.946,23.19946
"Gabon",2319946,"GA",2017,3.4,NA,NA,NA,NA,NA,100,NA,NA,NA,NA,NA,2319.946,23.19946
"Gabon",2319946,"GA",2018,NA,NA,NA,NA,NA,84.6671600341797,NA,NA,NA,NA,NA,NA,2319.946,23.19946
"Gabon",2319946,"GA",2019,NA,NA,NA,NA,NA,NA,NA,NA,NA,NA,2172579,1.06783044483077,2319.946,23.19946
"Gambia",732139,NA,NA,NA,NA,NA,NA,NA,NA,NA,NA,NA,NA,NA,NA,732.139,7.32139
"Georgia",23212042,"GE",2015,NA,NA,NA,NA,NA,NA,NA,NA,NA,6.11720129999999,NA,NA,23212.042,232.12042
"Georgia",23212042,"GE",2017,NA,NA,NA,NA,NA,99.3642578125,100,79.9946791951721,NA,NA,NA,NA,23212.042,232.12042
"Georgia",23212042,"GE",2018,4.5,NA,NA,NA,NA,NA,NA,NA,NA,NA,NA,NA,23212.042,232.12042
"Georgia",23212042,"GE",2019,NA,NA,NA,0.0287399999797344,0.626860022544861,NA,NA,NA,NA,NA,3720382,6.23915554908071,23212.042,232.12042
"Germany",235760745,"DE",2015,NA,NA,NA,NA,NA,NA,NA,NA,NA,6.64571049999999,NA,NA,235760.745,2357.60745
"Germany",235760745,"DE",2016,0,1.7,0.5,NA,NA,NA,NA,NA,NA,NA,NA,NA,235760.745,2357.60745
"Germany",235760745,"DE",2017,NA,NA,NA,NA,NA,NA,89.1743564300489,99.8,NA,NA,NA,NA,235760.745,2357.60745
"Germany",235760745,"DE",2018,NA,NA,NA,4.67296981811523,0.688939988613129,NA,NA,NA,NA,NA,NA,NA,235760.745,2357.60745
"Germany",235760745,"DE",2019,NA,NA,NA,NA,NA,NA,NA,NA,NA,NA,83132799,2.83595341232285,235760.745,2357.60745
"Ghana",12277108,"GH",2015,NA,NA,NA,NA,NA,NA,NA,NA,NA,14.15881,NA,NA,12277.108,122.77108
"Ghana",12277108,"GH",2016,13,NA,NA,NA,NA,NA,NA,NA,NA,NA,NA,NA,12277.108,122.77108
"Ghana",12277108,"GH",2017,NA,17.5,12.6,NA,NA,NA,100,36.4116127604727,41.0473083819571,NA,NA,NA,12277.108,122.77108
"Ghana",12277108,"GH",2018,NA,NA,NA,NA,NA,79.0396423339844,NA,NA,NA,NA,NA,NA,12277.108,122.77108
"Ghana",12277108,"GH",2019,NA,NA,NA,10.5933704376221,0.816449999809265,NA,NA,NA,NA,NA,30417856,0.403615166039316,12277.108,122.77108
"Greece",16652382,"GR",2015,NA,NA,NA,NA,NA,NA,NA,NA,NA,8.7483921,NA,NA,16652.382,166.52382
"Greece",16652382,"GR",2017,0.9,NA,NA,NA,NA,NA,99.9999999998588,100,NA,NA,NA,NA,16652.382,166.52382
"Greece",16652382,"GR",2018,NA,NA,NA,3.96968007087708,1.42841994762421,97.9359512329102,NA,NA,NA,NA,NA,NA,16652.382,166.52382
"Greece",16652382,"GR",2019,NA,NA,NA,NA,NA,NA,NA,NA,NA,NA,10716322,1.5539269909956,16652.382,166.52382
"Grenada",16098,"GD",2017,NA,NA,NA,NA,NA,NA,100,87.1152683516591,NA,NA,NA,NA,16.098,0.16098
"Grenada",16098,"GD",2018,NA,NA,NA,NA,0.764419972896576,NA,NA,NA,NA,NA,NA,NA,16.098,0.16098
"Grenada",16098,"GD",2019,NA,NA,NA,NA,NA,NA,NA,NA,NA,NA,112003,0.143728292992152,16.098,0.16098
"Guatemala",25094786,"GT",2015,NA,46.7,12.4,NA,NA,NA,NA,NA,NA,10.957713,NA,NA,25094.786,250.94786
"Guatemala",25094786,"GT",2017,NA,NA,NA,NA,NA,NA,100,55.9907816864662,76.6655036207724,NA,NA,NA,25094.786,250.94786
"Guatemala",25094786,"GT",2018,NA,NA,NA,32.7557106018066,NA,NA,NA,NA,NA,NA,NA,NA,25094.786,250.94786
"Guatemala",25094786,"GT",2019,NA,NA,NA,NA,10.7173004150391,NA,NA,NA,NA,NA,16604026,1.51136754423295,25094.786,250.94786
"Guinea",2941222,"GN",2016,NA,NA,NA,NA,21.9126796722412,NA,NA,NA,NA,NA,NA,NA,2941.222,29.41222
"Guinea",2941222,"GN",2017,NA,NA,NA,NA,NA,NA,100,NA,17.4497171149057,NA,NA,NA,2941.222,29.41222
"Guinea",2941222,"GN",2018,NA,30.3,16.3,NA,NA,NA,NA,NA,NA,NA,NA,NA,2941.222,29.41222
"Guinea",2941222,"GN",2019,NA,NA,NA,NA,NA,NA,NA,NA,NA,NA,12771246,0.230300316821084,2941.222,29.41222
"Guinea-Bissau",633792,"GW",2015,NA,NA,NA,NA,NA,NA,NA,NA,NA,21.075216,NA,NA,633.792,6.33792
"Guinea-Bissau",633792,"GW",2017,NA,NA,NA,NA,NA,NA,100,NA,6.40293708859611,NA,NA,NA,633.792,6.33792
"Guinea-Bissau",633792,"GW",2019,NA,NA,NA,NA,NA,NA,NA,NA,NA,NA,1920922,0.329941559313705,633.792,6.33792
"Guyana",957347,"GY",2015,NA,NA,NA,NA,NA,NA,NA,NA,NA,15.618451,NA,NA,957.347,9.57347
"Guyana",957347,"GY",2017,NA,NA,NA,NA,NA,NA,99.9881773200384,NA,77.1594149222442,NA,NA,NA,957.347,9.57347
"Guyana",957347,"GY",2019,NA,NA,NA,NA,NA,NA,NA,NA,NA,NA,782766,1.22303089301273,957.347,9.57347
"Haiti",2314616,"HT",2016,NA,NA,NA,NA,NA,61.691349029541,NA,NA,NA,NA,NA,NA,2314.616,23.14616
"Haiti",2314616,"HT",2017,NA,21.9,9.5,NA,NA,NA,100,NA,22.8627462636951,NA,NA,NA,2314.616,23.14616
"Haiti",2314616,"HT",2019,NA,NA,NA,NA,NA,NA,NA,NA,NA,NA,11263077,0.205504765704789,2314.616,23.14616
"Honduras",22373013,"HN",2015,NA,NA,NA,NA,NA,NA,NA,NA,NA,10.8972099999999,NA,NA,22373.013,223.73013
"Honduras",22373013,"HN",2016,NA,NA,NA,NA,NA,NA,NA,NA,84.1692526093255,NA,NA,NA,22373.013,223.73013
"Honduras",22373013,"HN",2017,NA,NA,NA,NA,NA,NA,99.9835217097179,NA,NA,NA,NA,NA,22373.013,223.73013
"Honduras",22373013,"HN",2018,16.9,NA,NA,NA,NA,87.2052383422852,NA,NA,NA,NA,NA,NA,22373.013,223.73013
"Honduras",22373013,"HN",2019,NA,NA,NA,37.6264495849609,12.547080039978,NA,NA,NA,NA,NA,9746117,2.2955822303385,22373.013,223.73013
"Hungary",35623416,"HU",2015,NA,NA,NA,NA,NA,NA,NA,NA,NA,8.76741029999999,NA,NA,35623.416,356.23416
"Hungary",35623416,"HU",2017,0.6,NA,NA,NA,NA,NA,100,89.5727619781719,NA,NA,NA,NA,35623.416,356.23416
"Hungary",35623416,"HU",2018,NA,NA,NA,3.16534996032715,4.44464015960693,NA,NA,NA,NA,NA,NA,NA,35623.416,356.23416
"Hungary",35623416,"HU",2019,NA,NA,NA,NA,NA,NA,NA,NA,NA,NA,9769949,3.64622333238382,35623.416,356.23416
"Iceland",1136185,"IS",2015,0,NA,NA,NA,NA,NA,NA,NA,NA,4.1936245,NA,NA,1136.185,11.36185
"Iceland",1136185,"IS",2017,NA,NA,NA,NA,NA,NA,10.2852157949761,99.9999994306847,NA,NA,NA,NA,1136.185,11.36185
"Iceland",1136185,"IS",2018,NA,NA,NA,0.188449993729591,0.0586399994790554,NA,NA,NA,NA,NA,NA,NA,1136.185,11.36185
"Iceland",1136185,"IS",2019,NA,NA,NA,NA,NA,NA,NA,NA,NA,NA,361313,3.14460038802922,1136.185,11.36185
"India",1672801108,"IN",2017,NA,34.7,33.4,NA,NA,NA,100,NA,59.5496875182515,NA,NA,NA,1672801.108,16728.01108
"India",1672801108,"IN",2018,NA,NA,NA,NA,NA,74.3729934692383,NA,NA,NA,NA,NA,NA,1672801.108,16728.01108
"India",1672801108,"IN",2019,NA,NA,NA,NA,NA,NA,NA,NA,NA,NA,1366417754,1.22422378010173,1672801.108,16728.01108
"Indonesia",117348805,"ID",2015,NA,NA,NA,NA,NA,NA,NA,NA,NA,9.96945479999999,NA,NA,117348.805,1173.48805
"Indonesia",117348805,"ID",2017,NA,NA,NA,NA,NA,NA,95.5671472610627,NA,64.2036185754851,NA,NA,NA,117348.805,1173.48805
"Indonesia",117348805,"ID",2018,3.6,30.5,17.7,16.3355197906494,5.62332010269165,95.658561706543,NA,NA,NA,NA,NA,NA,117348.805,1173.48805
"Indonesia",117348805,"ID",2019,NA,NA,NA,NA,NA,NA,NA,NA,NA,NA,270625568,0.433620540244002,117348.805,1173.48805
"Iran",195163592,NA,NA,NA,NA,NA,NA,NA,NA,NA,NA,NA,NA,NA,NA,195163.592,1951.63592
"Iraq",98917273,"IQ",2017,NA,NA,NA,NA,NA,85.5999984741211,100,58.8333265989116,94.5759477772468,NA,NA,NA,98917.273,989.17273
"Iraq",98917273,"IQ",2018,NA,12.6,3.9,NA,NA,NA,NA,NA,NA,NA,NA,NA,98917.273,989.17273
"Iraq",98917273,"IQ",2019,NA,NA,NA,NA,NA,NA,NA,NA,NA,NA,39309783,2.51635255783528,98917.273,989.17273
"Ireland",20399995,"IE",2015,NA,NA,NA,NA,NA,NA,NA,NA,NA,5.88681129999999,NA,NA,20399.995,203.99995
"Ireland",20399995,"IE",2016,0.1,NA,NA,NA,NA,NA,NA,NA,NA,NA,NA,NA,20399.995,203.99995
"Ireland",20399995,"IE",2017,NA,NA,NA,NA,NA,NA,0.274091678859734,97.3228242792175,NA,NA,NA,NA,20399.995,203.99995
"Ireland",20399995,"IE",2018,NA,NA,NA,0.53684002161026,0.00173999997787178,NA,NA,NA,NA,NA,NA,NA,20399.995,203.99995
"Ireland",20399995,"IE",2019,NA,NA,NA,NA,NA,NA,NA,NA,NA,NA,4941444,4.12834689617043,20399.995,203.99995
"Israel",75420210,"IL",2015,NA,NA,NA,NA,NA,NA,NA,NA,NA,7.78251549999999,NA,NA,75420.21,754.2021
"Israel",75420210,"IL",2016,0.2,NA,NA,NA,NA,NA,NA,NA,NA,NA,NA,NA,75420.21,754.2021
"Israel",75420210,"IL",2017,NA,NA,NA,NA,NA,NA,100,99.3818036813007,NA,NA,NA,NA,75420.21,754.2021
"Israel",75420210,"IL",2018,NA,NA,NA,NA,0.312099993228912,NA,NA,NA,NA,NA,NA,NA,75420.21,754.2021
"Israel",75420210,"IL",2019,NA,NA,NA,NA,NA,NA,NA,NA,NA,NA,9053300,8.33068715275093,75420.21,754.2021
"Italy",289057417,"IT",2015,NA,NA,NA,NA,NA,NA,NA,NA,NA,6.9646678,NA,NA,289057.417,2890.57417
"Italy",289057417,"IT",2017,1.4,NA,NA,NA,NA,NA,94.7772139982593,95.0396145561267,NA,NA,NA,NA,289057.417,2890.57417
"Italy",289057417,"IT",2018,NA,NA,NA,2.05277991294861,3.14660000801086,99.15576171875,NA,NA,NA,NA,NA,NA,289057.417,2890.57417
"Italy",289057417,"IT",2019,NA,NA,NA,NA,NA,NA,NA,NA,NA,NA,60297396,4.79386235850052,289057.417,2890.57417
"Jamaica",2039316,"JM",2015,NA,NA,NA,NA,NA,NA,NA,NA,66.4245165522861,14.582915,NA,NA,2039.316,20.39316
"Jamaica",2039316,"JM",2017,NA,NA,NA,NA,NA,NA,99.9999999999574,NA,NA,NA,NA,NA,2039.316,20.39316
"Jamaica",2039316,"JM",2019,NA,NA,NA,17.8590793609619,17.1556606292725,NA,NA,NA,NA,NA,2948279,0.691697088369181,2039.316,20.39316
"Japan",38283878,"JP",2015,NA,NA,NA,NA,NA,NA,NA,NA,NA,9.48867229999999,NA,NA,38283.878,382.83878
"Japan",38283878,"JP",2017,NA,NA,NA,NA,NA,NA,76.7615082281987,98.453707486669,NA,NA,NA,NA,38283.878,382.83878
"Japan",38283878,"JP",2019,NA,NA,NA,NA,NA,NA,NA,NA,NA,NA,126264931,0.303202779242005,38283.878,382.83878
"Jordan",32111575,"JO",2015,NA,NA,NA,NA,NA,NA,NA,NA,NA,13.782714,NA,NA,32111.575,321.11575
"Jordan",32111575,"JO",2017,NA,NA,NA,NA,NA,NA,100,93.8183435908943,NA,NA,NA,NA,32111.575,321.11575
"Jordan",32111575,"JO",2018,NA,NA,NA,NA,NA,98.2271118164063,NA,NA,NA,NA,NA,NA,32111.575,321.11575
"Jordan",32111575,"JO",2019,NA,NA,NA,29.52712059021,18.6664695739746,NA,NA,NA,NA,NA,10101694,3.17883069908869,32111.575,321.11575
"Kazakhstan",38408648,"KZ",2015,NA,8,2,NA,NA,NA,NA,NA,NA,5.42857029999999,NA,NA,38408.648,384.08648
"Kazakhstan",38408648,"KZ",2017,0,NA,NA,NA,NA,NA,87.4142305282549,89.5122514261683,98.9993740478602,NA,NA,NA,38408.648,384.08648
"Kazakhstan",38408648,"KZ",2018,NA,NA,NA,NA,NA,99.7816314697266,NA,NA,NA,NA,NA,NA,38408.648,384.08648
"Kazakhstan",38408648,"KZ",2019,NA,NA,NA,NA,0.923009991645813,NA,NA,NA,NA,NA,18513930,2.07458103168803,38408.648,384.08648
"Kenya",14415556,"KE",2015,37.1,NA,NA,NA,NA,NA,NA,NA,NA,11.466808,NA,NA,14415.556,144.15556
"Kenya",14415556,"KE",2017,NA,NA,NA,NA,NA,NA,100,NA,24.6510436992189,NA,NA,NA,14415.556,144.15556
"Kenya",14415556,"KE",2018,NA,NA,NA,NA,NA,81.5349731445313,NA,NA,NA,NA,NA,NA,14415.556,144.15556
"Kenya",14415556,"KE",2019,NA,NA,NA,NA,NA,NA,NA,NA,NA,NA,52573973,0.274195674730536,14415.556,144.15556
"Korea, South",10242466,NA,NA,NA,NA,NA,NA,NA,NA,NA,NA,NA,NA,NA,NA,10242.466,102.42466
"Kosovo",7157662,"XK",2017,0.4,NA,NA,NA,NA,NA,NA,NA,NA,NA,NA,NA,7157.662,71.57662
"Kosovo",7157662,"XK",2019,NA,NA,NA,NA,NA,NA,NA,NA,NA,NA,1794248,3.98922668438254,7157.662,71.57662
"Kuwait",29952685,"KW",2015,NA,NA,NA,6.27645015716553,NA,NA,NA,NA,NA,9.86466599999999,NA,NA,29952.685,299.52685
"Kuwait",29952685,"KW",2016,NA,NA,NA,NA,2.70150995254517,NA,NA,NA,NA,NA,NA,NA,29952.685,299.52685
"Kuwait",29952685,"KW",2017,NA,6.4,NA,NA,NA,NA,100,100,NA,NA,NA,NA,29952.685,299.52685
"Kuwait",29952685,"KW",2018,NA,NA,NA,NA,NA,96.0564727783203,NA,NA,NA,NA,NA,NA,29952.685,299.52685
"Kuwait",29952685,"KW",2019,NA,NA,NA,NA,NA,NA,NA,NA,NA,NA,4207083,7.11958499511419,29952.685,299.52685
"Kyrgyzstan",13998231,NA,NA,NA,NA,NA,NA,NA,NA,NA,NA,NA,NA,NA,NA,13998.231,139.98231
"Laos",8844,NA,NA,NA,NA,NA,NA,NA,NA,NA,NA,NA,NA,NA,NA,8.844,0.08844
"Latvia",5008070,"LV",2015,NA,NA,NA,NA,NA,NA,NA,NA,NA,4.5087481,NA,NA,5008.07,50.0807
"Latvia",5008070,"LV",2017,0.8,NA,NA,NA,NA,NA,89.0140461977576,95.1908583413694,NA,NA,NA,NA,5008.07,50.0807
"Latvia",5008070,"LV",2018,NA,NA,NA,0.978330016136169,1.1314400434494,99.8893127441406,NA,NA,NA,NA,NA,NA,5008.07,50.0807
"Latvia",5008070,"LV",2019,NA,NA,NA,NA,NA,NA,NA,NA,NA,NA,1912789,2.61820305323797,5008.07,50.0807
"Lebanon",26663443,"LB",2015,NA,NA,NA,NA,NA,NA,NA,NA,NA,9.2394466,NA,NA,26663.443,266.63443
"Lebanon",26663443,"LB",2017,NA,NA,NA,NA,NA,NA,100,47.7,NA,NA,NA,NA,26663.443,266.63443
"Lebanon",26663443,"LB",2018,NA,NA,NA,NA,NA,95.0694427490234,NA,NA,NA,NA,NA,NA,26663.443,266.63443
"Lebanon",26663443,"LB",2019,NA,NA,NA,NA,NA,NA,NA,NA,NA,NA,6855713,3.88922975626313,26663.443,266.63443
"Lesotho",701322,"LS",2015,NA,NA,NA,NA,NA,NA,NA,NA,NA,14.607059,NA,NA,701.322,7.01322
"Lesotho",701322,"LS",2016,NA,NA,NA,17.3726005554199,NA,NA,NA,NA,NA,NA,NA,NA,701.322,7.01322
"Lesotho",701322,"LS",2017,27.8,NA,NA,NA,2.43418002128601,NA,100,NA,2.11711141089109,NA,NA,NA,701.322,7.01322
"Lesotho",701322,"LS",2018,NA,34.6,10.5,NA,NA,NA,NA,NA,NA,NA,NA,NA,701.322,7.01322
"Lesotho",701322,"LS",2019,NA,NA,NA,NA,NA,NA,NA,NA,NA,NA,2125268,0.329992264504994,701.322,7.01322
"Liberia",381739,"LR",2016,44.4,30.1,13.6,NA,NA,NA,NA,NA,NA,NA,NA,NA,381.739,3.81739
"Liberia",381739,"LR",2017,NA,NA,NA,NA,21.3589305877686,48.3013610839844,100,NA,1.18848043978493,NA,NA,NA,381.739,3.81739
"Liberia",381739,"LR",2019,NA,NA,NA,NA,NA,NA,NA,NA,NA,NA,4937374,0.0773162008792528,381.739,3.81739
"Libya",14014034,"LY",2017,NA,NA,NA,NA,NA,NA,100,NA,NA,NA,NA,NA,14014.034,140.14034
"Libya",14014034,"LY",2019,NA,NA,NA,NA,NA,NA,NA,NA,NA,NA,6777452,2.06774374794539,14014.034,140.14034
"Liechtenstein",239151,"LI",2017,NA,NA,NA,NA,NA,NA,NA,100,NA,NA,NA,NA,239.151,2.39151
"Liechtenstein",239151,"LI",2018,NA,NA,NA,3.97653007507324,0.14877000451088,NA,NA,NA,NA,NA,NA,NA,239.151,2.39151
"Liechtenstein",239151,"LI",2019,NA,NA,NA,NA,NA,NA,NA,NA,NA,NA,38019,6.2903022173124,239.151,2.39151
"Lithuania",14574152,"LT",2015,NA,NA,NA,NA,NA,NA,NA,NA,NA,4.50878569999999,NA,NA,14574.152,145.74152
"Lithuania",14574152,"LT",2017,1,NA,NA,NA,NA,NA,95.9998593070447,92.042865008264,NA,NA,NA,NA,14574.152,145.74152
"Lithuania",14574152,"LT",2018,NA,NA,NA,0.152879998087883,0.179499998688698,NA,NA,NA,NA,NA,NA,NA,14574.152,145.74152
"Lithuania",14574152,"LT",2019,NA,NA,NA,NA,NA,NA,NA,NA,NA,NA,2786844,5.22962605728918,14574.152,145.74152
"Luxembourg",6197447,"LU",2015,NA,NA,NA,NA,NA,NA,NA,NA,NA,6.53983549999999,NA,NA,6197.447,61.97447
"Luxembourg",6197447,"LU",2017,0.3,NA,NA,NA,NA,NA,68.7756227449078,99.7246762192681,NA,NA,NA,NA,6197.447,61.97447
"Luxembourg",6197447,"LU",2018,NA,NA,NA,4.30638980865479,0.99738997220993,NA,NA,NA,NA,NA,NA,NA,6197.447,61.97447
"Luxembourg",6197447,"LU",2019,NA,NA,NA,NA,NA,NA,NA,NA,NA,NA,619896,9.99755926800625,6197.447,61.97447
"Madagascar",3756261,"MG",2015,NA,NA,NA,NA,NA,NA,NA,NA,50.5403509161808,17.1382049999999,NA,NA,3756.261,37.56261
"Madagascar",3756261,"MG",2017,NA,NA,NA,NA,NA,NA,100,NA,NA,NA,NA,NA,3756.261,37.56261
"Madagascar",3756261,"MG",2018,NA,41.6,26.4,NA,NA,74.8043212890625,NA,NA,NA,NA,NA,NA,3756.261,37.56261
"Madagascar",3756261,"MG",2019,NA,NA,NA,30.0320796966553,2.32186007499695,NA,NA,NA,NA,NA,26969307,0.139279107171719,3756.261,37.56261
"Malawi",2079807,"MW",2015,NA,NA,NA,NA,NA,62.1435394287109,NA,NA,NA,14.464293,NA,NA,2079.807,20.79807
"Malawi",2079807,"MW",2016,70.8,NA,NA,NA,NA,NA,NA,NA,NA,NA,NA,NA,2079.807,20.79807
"Malawi",2079807,"MW",2017,NA,NA,NA,NA,NA,NA,100,NA,8.703956048183,NA,NA,NA,2079.807,20.79807
"Malawi",2079807,"MW",2018,NA,39,11.8,NA,NA,NA,NA,NA,NA,NA,NA,NA,2079.807,20.79807
"Malawi",2079807,"MW",2019,NA,NA,NA,18.5649700164795,NA,NA,NA,NA,NA,NA,18628747,0.111645029051068,2079.807,20.79807
"Malaysia",17391405,"MY",2015,0,NA,NA,NA,NA,NA,NA,NA,NA,11.349301,NA,NA,17391.405,173.91405
"Malaysia",17391405,"MY",2016,NA,20.7,13.7,NA,NA,NA,NA,NA,NA,NA,NA,NA,17391.405,173.91405
"Malaysia",17391405,"MY",2017,NA,NA,NA,13.1472797393799,0.354360014200211,NA,90.537343806725,93.3292784612772,NA,NA,NA,NA,17391.405,173.91405
"Malaysia",17391405,"MY",2018,NA,NA,NA,NA,NA,94.8544082641602,NA,NA,NA,NA,NA,NA,17391.405,173.91405
"Malaysia",17391405,"MY",2019,NA,NA,NA,NA,NA,NA,NA,NA,NA,NA,31949777,0.544335724158575,17391.405,173.91405
"Maldives",2652682,"MV",2015,NA,NA,NA,NA,NA,NA,NA,NA,NA,11.7179129999999,NA,NA,2652.682,26.52682
"Maldives",2652682,"MV",2016,0,NA,NA,NA,NA,97.7349472045898,NA,NA,NA,NA,NA,NA,2652.682,26.52682
"Maldives",2652682,"MV",2017,NA,NA,NA,NA,NA,NA,0,NA,95.8028629366759,NA,NA,NA,2652.682,26.52682
"Maldives",2652682,"MV",2019,NA,NA,NA,8.62392044067383,2.00353002548218,NA,NA,NA,NA,NA,530953,4.9960768655606,2652.682,26.52682
"Mali",1177101,"ML",2017,NA,NA,NA,NA,NA,NA,100,NA,52.2320839184474,NA,NA,NA,1177.101,11.77101
"Mali",1177101,"ML",2018,NA,26.9,18.6,52.7726593017578,40.988410949707,35.4737701416016,NA,NA,NA,NA,NA,NA,1177.101,11.77101
"Mali",1177101,"ML",2019,NA,NA,NA,NA,NA,NA,NA,NA,NA,NA,19658031,0.059878886140733,1177.101,11.77101
"Malta",1867294,"MT",2015,NA,NA,NA,NA,NA,NA,NA,NA,NA,6.32294849999999,NA,NA,1867.294,18.67294
"Malta",1867294,"MT",2017,0.2,NA,NA,NA,0.232629999518394,NA,100,100.000002213549,NA,NA,NA,NA,1867.294,18.67294
"Malta",1867294,"MT",2018,NA,NA,NA,0.853649973869324,NA,94.5031890869141,NA,NA,NA,NA,NA,NA,1867.294,18.67294
"Malta",1867294,"MT",2019,NA,NA,NA,NA,NA,NA,NA,NA,NA,NA,502653,3.714876863363,1867.294,18.67294
"Marshall Islands",428,"MH",2017,NA,34.8,11.9,NA,NA,NA,99.9999962558097,NA,82.5021672835689,NA,NA,NA,0.428,0.00428
"Marshall Islands",428,"MH",2019,NA,NA,NA,30.8931198120117,25.8550491333008,NA,NA,NA,NA,NA,58791,0.00728002585429743,0.428,0.00428
"Mauritania",2402876,"MR",2017,NA,NA,NA,NA,NA,53.4975891113281,100,NA,42.999048887847,NA,NA,NA,2402.876,24.02876
"Mauritania",2402876,"MR",2018,NA,22.8,19.2,NA,NA,NA,NA,NA,NA,NA,NA,NA,2402.876,24.02876
"Mauritania",2402876,"MR",2019,NA,NA,NA,28.161449432373,23.1424007415771,NA,NA,NA,NA,NA,4525696,0.530940655315779,2402.876,24.02876
"Mauritius",137003,"MU",2015,NA,NA,NA,NA,NA,NA,NA,NA,NA,17.056761,NA,NA,137.003,1.37003
"Mauritius",137003,"MU",2017,0.2,NA,NA,NA,NA,NA,100,NA,NA,NA,NA,NA,137.003,1.37003
"Mauritius",137003,"MU",2018,NA,NA,NA,NA,NA,91.3253936767578,NA,NA,NA,NA,NA,NA,137.003,1.37003
"Mauritius",137003,"MU",2019,NA,NA,NA,4.72390985488892,1.40313994884491,NA,NA,NA,NA,NA,1265711,0.108241928844736,137.003,1.37003
"Mexico",247035238,"MX",2015,NA,NA,NA,NA,NA,NA,NA,NA,NA,7.8687429,NA,NA,247035.238,2470.35238
"Mexico",247035238,"MX",2016,NA,10,4.2,NA,NA,NA,NA,NA,NA,NA,NA,NA,247035.238,2470.35238
"Mexico",247035238,"MX",2017,NA,NA,NA,NA,NA,NA,99.6561265475774,42.870309895754,87.8466842172696,NA,NA,NA,247035.238,2470.35238
"Mexico",247035238,"MX",2018,1.7,NA,NA,7.78976011276245,0.699460029602051,95.3799133300781,NA,NA,NA,NA,NA,NA,247035.238,2470.35238
"Mexico",247035238,"MX",2019,NA,NA,NA,NA,NA,NA,NA,NA,NA,NA,127575529,1.93638419480902,247035.238,2470.35238
"Micronesia",35,NA,NA,NA,NA,NA,NA,NA,NA,NA,NA,NA,NA,NA,NA,0.035,0.00035
"Moldova",21072309,"MD",2015,NA,NA,NA,NA,NA,NA,NA,NA,NA,5.0010633,NA,NA,21072.309,210.72309
"Moldova",21072309,"MD",2016,NA,NA,NA,NA,NA,NA,NA,NA,86.9794174842251,NA,NA,NA,21072.309,210.72309
"Moldova",21072309,"MD",2017,NA,NA,NA,NA,NA,NA,100,72.8779121047355,NA,NA,NA,NA,21072.309,210.72309
"Moldova",21072309,"MD",2018,0,NA,NA,NA,NA,NA,NA,NA,NA,NA,NA,NA,21072.309,210.72309
"Moldova",21072309,"MD",2019,NA,NA,NA,15.5158195495605,10.2885503768921,NA,NA,NA,NA,NA,2657637,7.92896433937366,21072.309,210.72309
"Monaco",146892,"MC",2015,NA,NA,NA,NA,NA,NA,NA,NA,NA,5.4366164,NA,NA,146.892,1.46892
"Monaco",146892,"MC",2017,NA,NA,NA,NA,NA,NA,NA,100,NA,NA,NA,NA,146.892,1.46892
"Monaco",146892,"MC",2019,NA,NA,NA,NA,NA,NA,NA,NA,NA,NA,38964,3.76994148444718,146.892,1.46892
"Mongolia",195026,"MN",2015,NA,NA,NA,NA,NA,NA,NA,NA,NA,5.3733959,NA,NA,195.026,1.95026
"Mongolia",195026,"MN",2017,NA,NA,NA,NA,NA,NA,97.0139805896742,23.7220805652873,71.1795489061304,NA,NA,NA,195.026,1.95026
"Mongolia",195026,"MN",2018,0.5,9.4,1.8,NA,0.71943998336792,98.4231185913086,NA,NA,NA,NA,NA,NA,195.026,1.95026
"Mongolia",195026,"MN",2019,NA,NA,NA,NA,NA,NA,NA,NA,NA,NA,3225167,0.0604700469774123,195.026,1.95026
"Montenegro",6365844,"ME",2015,1.4,NA,NA,NA,NA,NA,NA,NA,NA,5.45307639999999,NA,NA,6365.844,63.65844
"Montenegro",6365844,"ME",2017,NA,NA,NA,NA,NA,NA,100,93.5969206868004,NA,NA,NA,NA,6365.844,63.65844
"Montenegro",6365844,"ME",2018,NA,NA,NA,NA,NA,98.8471832275391,NA,NA,NA,NA,NA,NA,6365.844,63.65844
"Montenegro",6365844,"ME",2019,NA,NA,NA,7.73363018035889,0.00589000014588237,NA,NA,NA,NA,NA,622137,10.2322221632856,6365.844,63.65844
"Morocco",57377560,"MA",2015,NA,NA,NA,NA,NA,NA,NA,NA,NA,17.2846699999999,NA,NA,57377.56,573.7756
"Morocco",57377560,"MA",2017,NA,15.1,2.6,NA,NA,NA,100,70.2664398295476,NA,NA,NA,NA,57377.56,573.7756
"Morocco",57377560,"MA",2018,NA,NA,NA,NA,NA,73.7500076293945,NA,NA,NA,NA,NA,NA,57377.56,573.7756
"Morocco",57377560,"MA",2019,NA,NA,NA,9.39445018768311,0.41593998670578,NA,NA,NA,NA,NA,36471769,1.57320474364707,57377.56,573.7756
"Mozambique",3634845,"MZ",2015,NA,42.3,15.6,43.1091194152832,NA,NA,NA,NA,12.2269838037985,13.8186529999999,NA,NA,3634.845,36.34845
"Mozambique",3634845,"MZ",2017,NA,NA,NA,NA,NA,60.6554298400879,100,NA,NA,NA,NA,NA,3634.845,36.34845
"Mozambique",3634845,"MZ",2019,NA,NA,NA,NA,2.40343999862671,NA,NA,NA,NA,NA,30366036,0.119701004108669,3634.845,36.34845
"Namibia",3596221,"NA",2015,13.8,NA,NA,NA,NA,NA,NA,NA,NA,15.525137,NA,NA,3596.221,35.96221
"Namibia",3596221,"NA",2017,NA,NA,NA,NA,NA,NA,100,NA,44.5999038527554,NA,NA,NA,3596.221,35.96221
"Namibia",3596221,"NA",2018,NA,NA,NA,NA,1.51895999908447,91.5272674560547,NA,NA,NA,NA,NA,NA,3596.221,35.96221
"Namibia",3596221,"NA",2019,NA,NA,NA,NA,NA,NA,NA,NA,NA,NA,2494530,1.4416427142588,3596.221,35.96221
"Nepal",36050635,"NP",2015,NA,NA,NA,NA,NA,NA,NA,NA,NA,21.8131279999999,NA,NA,36050.635,360.50635
"Nepal",36050635,"NP",2016,NA,36,27.2,NA,NA,NA,NA,NA,NA,NA,NA,NA,36050.635,360.50635
"Nepal",36050635,"NP",2017,NA,NA,NA,NA,NA,NA,100,27.2433528868722,47.7818400003274,NA,NA,NA,36050.635,360.50635
"Nepal",36050635,"NP",2018,NA,NA,NA,NA,NA,67.9084320068359,NA,NA,NA,NA,NA,NA,36050.635,360.50635
"Nepal",36050635,"NP",2019,NA,NA,NA,2.61466002464294,3.70160007476807,NA,NA,NA,NA,NA,28608710,1.26012794704829,36050.635,360.50635
"Netherlands",104618400,"NL",2015,NA,NA,NA,NA,NA,NA,NA,NA,NA,6.15037159999999,NA,NA,104618.4,1046.184
"Netherlands",104618400,"NL",2017,0.2,NA,NA,NA,NA,NA,99.5981414813269,99.9510127973186,NA,NA,NA,NA,104618.4,1046.184
"Netherlands",104618400,"NL",2018,NA,NA,NA,2.54784989356995,0.380730003118515,NA,NA,NA,NA,NA,NA,NA,104618.4,1046.184
"Netherlands",104618400,"NL",2019,NA,NA,NA,NA,NA,NA,NA,NA,NA,NA,17332850,6.03584523029969,104618.4,1046.184
"New Zealand",597020,"NZ",2015,NA,NA,NA,NA,NA,NA,NA,NA,NA,5.69494149999999,NA,NA,597.02,5.9702
"New Zealand",597020,"NZ",2017,NA,NA,NA,NA,NA,NA,0,100,NA,NA,NA,NA,597.02,5.9702
"New Zealand",597020,"NZ",2018,NA,NA,NA,1.16875004768372,0.288679987192154,NA,NA,NA,NA,NA,NA,NA,597.02,5.9702
"New Zealand",597020,"NZ",2019,NA,NA,NA,NA,NA,NA,NA,NA,NA,NA,4917000,0.121419564775269,597.02,5.9702
"Nicaragua",1290897,"NI",2015,NA,NA,NA,NA,NA,82.6145477294922,NA,NA,NA,10.669083,NA,NA,1290.897,12.90897
"Nicaragua",1290897,"NI",2017,NA,NA,NA,NA,NA,NA,99.9026951322358,51.6005110394356,NA,NA,NA,NA,1290.897,12.90897
"Nicaragua",1290897,"NI",2019,NA,NA,NA,NA,NA,NA,NA,NA,NA,NA,6545502,0.197218945162648,1290.897,12.90897
"Niger",568778,"NE",2017,NA,NA,NA,64.94287109375,NA,NA,100,NA,NA,NA,NA,NA,568.778,5.68778
"Niger",568778,"NE",2018,NA,48.5,37.5,NA,NA,35.0499992370605,NA,NA,NA,NA,NA,NA,568.778,5.68778
"Niger",568778,"NE",2019,NA,NA,NA,NA,41.0253601074219,NA,NA,NA,NA,NA,23310715,0.0243998521709866,568.778,5.68778
"Nigeria",18085079,"NG",2017,NA,NA,NA,NA,NA,NA,100,20.1325604830331,41.9489153306759,NA,NA,NA,18085.079,180.85079
"Nigeria",18085079,"NG",2018,39.1,36.8,21.8,NA,NA,62.0160102844238,NA,NA,NA,NA,NA,NA,18085.079,180.85079
"Nigeria",18085079,"NG",2019,NA,NA,NA,NA,NA,NA,NA,NA,NA,NA,200963599,0.0899918148858391,18085.079,180.85079
"North Macedonia",10874425,"MK",2015,NA,NA,NA,NA,NA,NA,NA,NA,NA,9.0528536,NA,NA,10874.425,108.74425
"North Macedonia",10874425,"MK",2017,4.6,NA,NA,NA,NA,NA,100,81.0079546884532,NA,NA,NA,NA,10874.425,108.74425
"North Macedonia",10874425,"MK",2018,NA,NA,NA,NA,0.698199987411499,NA,NA,NA,NA,NA,NA,NA,10874.425,108.74425
"North Macedonia",10874425,"MK",2019,NA,NA,NA,NA,NA,NA,NA,NA,NA,NA,2083459,5.21940916523915,10874.425,108.74425
"Norway",7805998,"NO",2015,NA,NA,NA,NA,NA,NA,NA,NA,NA,4.48673729999999,NA,NA,7805.998,78.05998
"Norway",7805998,"NO",2017,0.3,NA,NA,NA,NA,NA,2.04383779996992,98.342975347782,NA,NA,NA,NA,7805.998,78.05998
"Norway",7805998,"NO",2018,NA,NA,NA,0.515209972858429,0.000469999999040738,NA,NA,NA,NA,NA,NA,NA,7805.998,78.05998
"Norway",7805998,"NO",2019,NA,NA,NA,NA,NA,NA,NA,NA,NA,NA,5347896,1.45963908049072,7805.998,78.05998
"Oman",26421423,"OM",2015,NA,NA,NA,NA,NA,NA,NA,NA,NA,10.536337,NA,NA,26421.423,264.21423
"Oman",26421423,"OM",2017,NA,11.4,11.2,NA,NA,NA,100,90.2750384054769,NA,NA,NA,NA,26421.423,264.21423
"Oman",26421423,"OM",2018,NA,NA,NA,NA,NA,95.6515274047852,NA,NA,NA,NA,NA,NA,26421.423,264.21423
"Oman",26421423,"OM",2019,NA,NA,NA,2.01521992683411,2.81204009056091,NA,NA,NA,NA,NA,4974986,5.3108537390859,26421.423,264.21423
"Pakistan",96248512,"PK",2015,4,NA,NA,NA,NA,NA,NA,NA,NA,NA,NA,NA,96248.512,962.48512
"Pakistan",96248512,"PK",2017,NA,NA,NA,NA,NA,59.1320495605469,100,35.3143465348217,59.6069124587634,NA,NA,NA,96248.512,962.48512
"Pakistan",96248512,"PK",2018,NA,37.6,23.1,NA,NA,NA,NA,NA,NA,NA,NA,NA,96248.512,962.48512
"Pakistan",96248512,"PK",2019,NA,NA,NA,NA,NA,NA,NA,NA,NA,NA,216565318,0.444431790320184,96248.512,962.48512
"Panama",39731450,"PA",2015,NA,NA,NA,NA,NA,NA,NA,NA,NA,10.087104,NA,NA,39731.45,397.3145
"Panama",39731450,"PA",2017,NA,NA,NA,12.1788597106934,13.2182598114014,NA,71.6367476557604,NA,NA,NA,NA,NA,39731.45,397.3145
"Panama",39731450,"PA",2018,1.7,NA,NA,NA,NA,95.4118118286133,NA,NA,NA,NA,NA,NA,39731.45,397.3145
"Panama",39731450,"PA",2019,NA,NA,NA,NA,NA,NA,NA,NA,NA,NA,4246439,9.35641604648036,39731.45,397.3145
"Papua New Guinea",132589,"PG",2016,NA,NA,NA,14.357439994812,7.33083009719849,NA,NA,NA,NA,NA,NA,NA,132.589,1.32589
"Papua New Guinea",132589,"PG",2017,NA,NA,NA,NA,NA,NA,99.9951657438565,NA,NA,NA,NA,NA,132.589,1.32589
"Papua New Guinea",132589,"PG",2019,NA,NA,NA,NA,NA,NA,NA,NA,NA,NA,8776109,0.0151079481806801,132.589,1.32589
"Paraguay",15380898,"PY",2015,NA,NA,NA,NA,NA,NA,NA,NA,NA,8.0900145,NA,NA,15380.898,153.80898
"Paraguay",15380898,"PY",2016,NA,5.6,1.3,NA,NA,NA,NA,NA,NA,NA,NA,NA,15380.898,153.80898
"Paraguay",15380898,"PY",2017,NA,NA,NA,NA,NA,NA,99.0583082497181,63.894569280344,79.6015253008444,NA,NA,NA,15380.898,153.80898
"Paraguay",15380898,"PY",2018,1.4,NA,NA,NA,NA,94.0207977294922,NA,NA,NA,NA,NA,NA,15380.898,153.80898
"Paraguay",15380898,"PY",2019,NA,NA,NA,NA,NA,NA,NA,NA,NA,NA,7044636,2.1833488628795,15380.898,153.80898
"Peru",206733579,"PE",2015,NA,NA,NA,NA,NA,NA,NA,NA,NA,9.4036293,NA,NA,206733.579,2067.33579
"Peru",206733579,"PE",2017,NA,NA,NA,NA,NA,NA,99.9629262855861,50.3506516238405,NA,NA,NA,NA,206733.579,2067.33579
"Peru",206733579,"PE",2018,2.7,12.2,2.6,1.768669962883,1.41640996932983,94.4082717895508,NA,NA,NA,NA,NA,NA,206733.579,2067.33579
"Peru",206733579,"PE",2019,NA,NA,NA,NA,NA,NA,NA,NA,NA,NA,32510453,6.35898795381289,206733.579,2067.33579
"Philippines",82114658,"PH",2015,6,NA,NA,NA,NA,98.1825485229492,NA,NA,NA,20.147881,NA,NA,82114.658,821.14658
"Philippines",82114658,"PH",2017,NA,NA,NA,NA,NA,NA,96.3706587650922,46.6540190971211,78.4629630309315,NA,NA,NA,82114.658,821.14658
"Philippines",82114658,"PH",2018,NA,30.3,19.1,10.6501903533936,3.80140995979309,NA,NA,NA,NA,NA,NA,NA,82114.658,821.14658
"Philippines",82114658,"PH",2019,NA,NA,NA,NA,NA,NA,NA,NA,NA,NA,108116615,0.759500822329667,82114.658,821.14658
"Poland",151748938,"PL",2015,NA,NA,NA,NA,NA,NA,NA,NA,NA,5.94368409999999,NA,NA,151748.938,1517.48938
"Poland",151748938,"PL",2017,0.3,NA,NA,NA,NA,NA,99.9661157279646,99.1560687269083,NA,NA,NA,NA,151748.938,1517.48938
"Poland",151748938,"PL",2018,NA,NA,NA,2.07827997207642,2.15774011611938,NA,NA,NA,NA,NA,NA,NA,151748.938,1517.48938
"Poland",151748938,"PL",2019,NA,NA,NA,NA,NA,NA,NA,NA,NA,NA,37970874,3.99645628383481,151748.938,1517.48938
"Portugal",64198384,"PT",2015,NA,NA,NA,NA,NA,NA,NA,NA,NA,8.9011831,NA,NA,64198.384,641.98384
"Portugal",64198384,"PT",2017,0.4,NA,NA,NA,NA,NA,16.0083566266812,95.3119078396189,NA,NA,NA,NA,64198.384,641.98384
"Portugal",64198384,"PT",2018,NA,NA,NA,0.113399997353554,0.416750013828278,96.1375885009766,NA,NA,NA,NA,NA,NA,64198.384,641.98384
"Portugal",64198384,"PT",2019,NA,NA,NA,NA,NA,NA,NA,NA,NA,NA,10269417,6.25141466161127,64198.384,641.98384
"Qatar",34841995,"QA",2015,NA,NA,NA,NA,NA,NA,NA,NA,NA,7.32432939999999,NA,NA,34841.995,348.41995
"Qatar",34841995,"QA",2017,NA,NA,NA,NA,NA,93.4639663696289,100,96.1827864704292,NA,NA,NA,NA,34841.995,348.41995
"Qatar",34841995,"QA",2019,NA,NA,NA,5.14629983901978,1.91902005672455,NA,NA,NA,NA,NA,2832067,12.3026732771506,34841.995,348.41995
"Romania",81315098,"RO",2015,NA,NA,NA,NA,NA,NA,NA,NA,NA,8.1845531,NA,NA,81315.098,813.15098
"Romania",81315098,"RO",2017,3.1,NA,NA,NA,NA,NA,98.0174648814994,81.9158094955324,NA,NA,NA,NA,81315.098,813.15098
"Romania",81315098,"RO",2018,NA,NA,NA,8.94108963012695,12.5010595321655,98.8444976806641,NA,NA,NA,NA,NA,NA,81315.098,813.15098
"Romania",81315098,"RO",2019,NA,NA,NA,NA,NA,NA,NA,NA,NA,NA,19356544,4.20090993516198,81315.098,813.15098
"Russia",498512969,NA,NA,NA,NA,NA,NA,NA,NA,NA,NA,NA,NA,NA,NA,498512.969,4985.12969
"Rwanda",1595399,"RW",2015,NA,36.9,8.9,NA,NA,NA,NA,NA,NA,7.87070039999999,NA,NA,1595.399,15.95399
"Rwanda",1595399,"RW",2016,56.5,NA,NA,NA,NA,NA,NA,NA,NA,NA,NA,NA,1595.399,15.95399
"Rwanda",1595399,"RW",2017,NA,NA,NA,NA,NA,NA,100,NA,4.61727834496984,NA,NA,NA,1595.399,15.95399
"Rwanda",1595399,"RW",2018,NA,NA,NA,NA,NA,73.2155914306641,NA,NA,NA,NA,NA,NA,1595.399,15.95399
"Rwanda",1595399,"RW",2019,NA,NA,NA,3.76628994941711,6.34215021133423,NA,NA,NA,NA,NA,12626950,0.126348722375554,1595.399,15.95399
"Saint Kitts and Nevis",6979,NA,NA,NA,NA,NA,NA,NA,NA,NA,NA,NA,NA,NA,NA,6.979,0.06979
"Saint Lucia",94687,NA,NA,NA,NA,NA,NA,NA,NA,NA,NA,NA,NA,NA,NA,94.687,0.94687
"Saint Vincent and the Grenadines",60742,NA,NA,NA,NA,NA,NA,NA,NA,NA,NA,NA,NA,NA,NA,60.742,0.60742
"Samoa",199,"WS",2017,NA,NA,NA,NA,NA,NA,99.9999999982957,58.8211063788758,NA,NA,NA,NA,0.199,0.00199
"Samoa",199,"WS",2018,NA,NA,NA,NA,1.28989005088806,99.0957717895508,NA,NA,NA,NA,NA,NA,0.199,0.00199
"Samoa",199,"WS",2019,NA,NA,NA,NA,NA,NA,NA,NA,NA,NA,197097,0.00100965514442127,0.199,0.00199
"San Marino",409996,"SM",2015,NA,NA,NA,NA,NA,NA,NA,NA,NA,3.2604332,NA,NA,409.996,4.09996
"San Marino",409996,"SM",2017,NA,NA,NA,NA,NA,NA,NA,100,NA,NA,NA,NA,409.996,4.09996
"San Marino",409996,"SM",2018,NA,NA,NA,NA,NA,99.9164276123047,NA,NA,NA,NA,NA,NA,409.996,4.09996
"San Marino",409996,"SM",2019,NA,NA,NA,0.729250013828278,4.96450996398926,NA,NA,NA,NA,NA,33860,12.1085646780862,409.996,4.09996
"Sao Tome and Principe",264056,"ST",2015,NA,NA,NA,9.58734035491943,NA,NA,NA,NA,NA,6.59841199999999,NA,NA,264.056,2.64056
"Sao Tome and Principe",264056,"ST",2017,35.6,NA,NA,NA,6.03310012817383,NA,100,NA,41.3398746181137,NA,NA,NA,264.056,2.64056
"Sao Tome and Principe",264056,"ST",2018,NA,NA,NA,NA,NA,92.8166427612305,NA,NA,NA,NA,NA,NA,264.056,2.64056
"Sao Tome and Principe",264056,"ST",2019,NA,NA,NA,NA,NA,NA,NA,NA,NA,NA,215056,1.22784763038464,264.056,2.64056
"Saudi Arabia",85079402,"SA",2016,NA,NA,NA,NA,1.84649002552032,NA,NA,NA,NA,NA,NA,NA,85079.402,850.79402
"Saudi Arabia",85079402,"SA",2017,NA,NA,NA,NA,NA,95.3286285400391,100,NA,NA,NA,NA,NA,85079.402,850.79402
"Saudi Arabia",85079402,"SA",2019,NA,NA,NA,1.04733002185822,NA,NA,NA,NA,NA,NA,34268528,2.48272706665428,85079.402,850.79402
"Senegal",4236868,"SN",2015,NA,NA,NA,NA,NA,NA,NA,NA,NA,18.459738,NA,NA,4236.868,42.36868
"Senegal",4236868,"SN",2017,NA,NA,NA,NA,NA,51.9004211425781,100,NA,24.1458760766427,NA,NA,NA,4236.868,42.36868
"Senegal",4236868,"SN",2019,NA,18.8,13.3,NA,25.7446708679199,NA,NA,NA,NA,NA,16296364,0.259988547138491,4236.868,42.36868
"Serbia",37426191,"RS",2015,NA,NA,NA,NA,NA,NA,NA,NA,NA,4.53436419999999,NA,NA,37426.191,374.26191
"Serbia",37426191,"RS",2016,NA,NA,NA,NA,NA,98.8415069580078,NA,NA,NA,NA,NA,NA,37426.191,374.26191
"Serbia",37426191,"RS",2017,5.4,NA,NA,NA,NA,NA,100,74.729544804735,NA,NA,NA,NA,37426.191,374.26191
"Serbia",37426191,"RS",2019,NA,NA,NA,2.07756996154785,1.84319996833801,NA,NA,NA,NA,NA,6944975,5.38895978747224,37426.191,374.26191
"Seychelles",95264,"SC",2015,NA,NA,NA,NA,NA,NA,NA,NA,NA,11.672328,NA,NA,95.264,0.95264
"Seychelles",95264,"SC",2017,NA,NA,NA,NA,NA,NA,100,NA,NA,NA,NA,NA,95.264,0.95264
"Seychelles",95264,"SC",2018,NA,NA,NA,NA,NA,95.8677062988281,NA,NA,NA,NA,NA,NA,95.264,0.95264
"Seychelles",95264,"SC",2019,NA,NA,NA,0.517120003700256,2.39334988594055,NA,NA,NA,NA,NA,97625,0.97581562099872,95.264,0.95264
"Sierra Leone",631355,"SL",2015,NA,NA,NA,NA,NA,NA,NA,NA,NA,14.4151,NA,NA,631.355,6.31355
"Sierra Leone",631355,"SL",2016,NA,NA,NA,NA,0.510999977588654,NA,NA,NA,NA,NA,NA,NA,631.355,6.31355
"Sierra Leone",631355,"SL",2017,NA,NA,NA,NA,NA,NA,100,9.91912664532252,19.2751381624786,NA,NA,NA,631.355,6.31355
"Sierra Leone",631355,"SL",2018,43,NA,NA,49.0292701721191,NA,43.2063293457031,NA,NA,NA,NA,NA,NA,631.355,6.31355
"Sierra Leone",631355,"SL",2019,NA,29.5,13.6,NA,NA,NA,NA,NA,NA,NA,7813215,0.0808060446307954,631.355,6.31355
"Singapore",15764221,"SG",2015,NA,NA,NA,NA,NA,NA,NA,NA,NA,9.6355581,NA,NA,15764.221,157.64221
"Singapore",15764221,"SG",2017,NA,NA,NA,NA,NA,NA,100,100,NA,NA,NA,NA,15764.221,157.64221
"Singapore",15764221,"SG",2018,NA,NA,NA,0.558089971542358,0.204339995980263,97.344856262207,NA,NA,NA,NA,NA,NA,15764.221,157.64221
"Singapore",15764221,"SG",2019,NA,NA,NA,NA,NA,NA,NA,NA,NA,NA,5703569,2.76392220379906,15764.221,157.64221
"Slovakia",21653144,NA,NA,NA,NA,NA,NA,NA,NA,NA,NA,NA,NA,NA,NA,21653.144,216.53144
"Slovenia",14427373,"SI",2015,NA,NA,NA,NA,NA,NA,NA,NA,NA,6.1484652,NA,NA,14427.373,144.27373
"Slovenia",14427373,"SI",2017,0,NA,NA,NA,NA,NA,99.4910252834569,98.0529725389672,NA,NA,NA,NA,14427.373,144.27373
"Slovenia",14427373,"SI",2018,NA,NA,NA,1.59818994998932,0.232710003852844,NA,NA,NA,NA,NA,NA,NA,14427.373,144.27373
"Slovenia",14427373,"SI",2019,NA,NA,NA,NA,NA,NA,NA,NA,NA,NA,2087946,6.90984010122867,14427.373,144.27373
"Solomon Islands",2022,"SB",2015,NA,31.7,16.2,NA,NA,NA,NA,NA,NA,NA,NA,NA,2.022,0.02022
"Solomon Islands",2022,"SB",2017,NA,NA,NA,NA,NA,NA,99.9175631944289,NA,35.8896731801542,NA,NA,NA,2.022,0.02022
"Solomon Islands",2022,"SB",2018,NA,NA,NA,NA,4.38313007354736,NA,NA,NA,NA,NA,NA,NA,2.022,0.02022
"Solomon Islands",2022,"SB",2019,NA,NA,NA,NA,NA,NA,NA,NA,NA,NA,669823,0.00301870792731811,2.022,0.02022
"Somalia",1088714,"SO",2017,NA,NA,NA,NA,NA,NA,100,NA,9.83124898319752,NA,NA,NA,1088.714,10.88714
"Somalia",1088714,"SO",2019,NA,NA,NA,NA,NA,NA,NA,NA,NA,NA,15442905,0.0704993004878292,1088.714,10.88714
"South Africa",198702571,"ZA",2015,NA,NA,NA,NA,NA,NA,NA,NA,NA,14.205164,NA,NA,198702.571,1987.02571
"South Africa",198702571,"ZA",2016,NA,27.4,5.9,NA,NA,NA,NA,NA,NA,NA,NA,NA,198702.571,1987.02571
"South Africa",198702571,"ZA",2017,NA,NA,NA,NA,NA,87.0466690063477,100,NA,43.9925735928541,NA,NA,NA,198702.571,1987.02571
"South Africa",198702571,"ZA",2018,NA,NA,NA,14.3636302947998,11.007960319519,NA,NA,NA,NA,NA,NA,NA,198702.571,1987.02571
"South Africa",198702571,"ZA",2019,NA,NA,NA,NA,NA,NA,NA,NA,NA,NA,58558270,3.39324524102232,198702.571,1987.02571
"South Sudan",805330,"SS",2015,NA,NA,NA,55.936450958252,62.3594818115234,NA,NA,NA,NA,NA,NA,NA,805.33,8.0533
"South Sudan",805330,"SS",2017,NA,NA,NA,NA,NA,NA,100,NA,NA,NA,NA,NA,805.33,8.0533
"South Sudan",805330,"SS",2018,NA,NA,NA,NA,NA,34.5227584838867,NA,NA,NA,NA,NA,NA,805.33,8.0533
"South Sudan",805330,"SS",2019,NA,NA,NA,NA,NA,NA,NA,NA,NA,NA,11062113,0.0728007388823455,805.33,8.0533
"Spain",330521099,"ES",2015,NA,NA,NA,NA,NA,NA,NA,NA,NA,8.274869,NA,NA,330521.099,3305.21099
"Spain",330521099,"ES",2017,0.7,NA,NA,NA,NA,NA,41.115549425172,98.4414891975907,NA,NA,NA,NA,330521.099,3305.21099
"Spain",330521099,"ES",2018,NA,NA,NA,0.382939994335175,3.07590007781982,98.4365005493164,NA,NA,NA,NA,NA,NA,330521.099,3305.21099
"Spain",330521099,"ES",2019,NA,NA,NA,NA,NA,NA,NA,NA,NA,NA,47076781,7.02089420684902,330521.099,3305.21099
"Sri Lanka",5547386,"LK",2015,NA,NA,NA,NA,NA,NA,NA,NA,NA,15.888087,NA,NA,5547.386,55.47386
"Sri Lanka",5547386,"LK",2016,0.9,17.3,20.5,NA,NA,NA,NA,NA,NA,NA,NA,NA,5547.386,55.47386
"Sri Lanka",5547386,"LK",2017,NA,NA,NA,NA,NA,NA,45.5384172591341,NA,NA,NA,NA,NA,5547.386,55.47386
"Sri Lanka",5547386,"LK",2018,NA,NA,NA,0.131500005722046,0.539619982242584,91.7098236083984,NA,NA,NA,NA,NA,NA,5547.386,55.47386
"Sri Lanka",5547386,"LK",2019,NA,NA,NA,NA,NA,NA,NA,NA,NA,NA,21803000,0.254432234096225,5547.386,55.47386
"Sudan",4563843,"SD",2017,NA,NA,NA,NA,38.3011703491211,NA,100,NA,23.4373649642129,NA,NA,NA,4563.843,45.63843
"Sudan",4563843,"SD",2018,NA,NA,NA,NA,NA,60.6971817016602,NA,NA,NA,NA,NA,NA,4563.843,45.63843
"Sudan",4563843,"SD",2019,NA,NA,NA,NA,NA,NA,NA,NA,NA,NA,42813238,0.106598874862023,4563.843,45.63843
"Suriname",1196739,"SR",2015,NA,NA,NA,14.9911603927612,NA,NA,NA,NA,NA,14.658528,NA,NA,1196.739,11.96739
"Suriname",1196739,"SR",2017,NA,NA,NA,NA,NA,NA,100,NA,NA,NA,NA,NA,1196.739,11.96739
"Suriname",1196739,"SR",2018,NA,NA,NA,NA,NA,94.3832702636719,NA,NA,NA,NA,NA,NA,1196.739,11.96739
"Suriname",1196739,"SR",2019,NA,NA,NA,NA,12.3032503128052,NA,NA,NA,NA,NA,581363,2.05850561525243,1196.739,11.96739
"Sweden",60426220,"SE",2015,NA,NA,NA,0.159070000052452,NA,NA,NA,NA,NA,2.41381429999999,NA,NA,60426.22,604.2622
"Sweden",60426220,"SE",2017,0.2,NA,NA,NA,NA,NA,3.63648738190616,99.9400024619261,NA,NA,NA,NA,60426.22,604.2622
"Sweden",60426220,"SE",2018,NA,NA,NA,NA,0.128470003604889,NA,NA,NA,NA,NA,NA,NA,60426.22,604.2622
"Sweden",60426220,"SE",2019,NA,NA,NA,NA,NA,NA,NA,NA,NA,NA,10285453,5.87492062819207,60426.22,604.2622
"Switzerland",57224315,"CH",2015,NA,NA,NA,NA,NA,NA,NA,NA,NA,6.47422499999999,NA,NA,57224.315,572.24315
"Switzerland",57224315,"CH",2017,0,NA,NA,NA,NA,NA,49.3001362303515,95.4554081548779,NA,NA,NA,NA,57224.315,572.24315
"Switzerland",57224315,"CH",2018,NA,NA,NA,0.977209985256195,0.0824799984693527,NA,NA,NA,NA,NA,NA,NA,57224.315,572.24315
"Switzerland",57224315,"CH",2019,NA,NA,NA,NA,NA,NA,NA,NA,NA,NA,8574832,6.67352025089238,57224.315,572.24315
"Syria",1594651,NA,NA,NA,NA,NA,NA,NA,NA,NA,NA,NA,NA,NA,NA,1594.651,15.94651
"Taiwan*",194091,NA,NA,NA,NA,NA,NA,NA,NA,NA,NA,NA,NA,NA,NA,194.091,1.94091
"Tajikistan",2737290,"TJ",2015,4.1,NA,NA,NA,NA,NA,NA,NA,NA,5.6252947,NA,NA,2737.29,27.3729
"Tajikistan",2737290,"TJ",2017,NA,17.5,7.6,NA,0.546869993209839,NA,100,47.8670483678806,72.703504543367,NA,NA,NA,2737.29,27.3729
"Tajikistan",2737290,"TJ",2019,NA,NA,NA,NA,NA,NA,NA,NA,NA,NA,9321018,0.293668567102864,2737.29,27.3729
"Tanzania",157235,"TZ",2015,NA,NA,NA,NA,NA,77.8872299194336,NA,NA,NA,10.496649,NA,NA,157.235,1.57235
"Tanzania",157235,"TZ",2016,NA,NA,NA,71.7524719238281,NA,NA,NA,NA,NA,NA,NA,NA,157.235,1.57235
"Tanzania",157235,"TZ",2017,49.4,NA,NA,NA,NA,NA,100,NA,47.9526927093602,NA,NA,NA,157.235,1.57235
"Tanzania",157235,"TZ",2018,NA,31.8,14.6,NA,NA,NA,NA,NA,NA,NA,NA,NA,157.235,1.57235
"Tanzania",157235,"TZ",2019,NA,NA,NA,NA,13.3606996536255,NA,NA,NA,NA,NA,58005463,0.00271069295662721,157.235,1.57235
"Thailand",1930591,"TH",2015,NA,NA,NA,NA,NA,NA,NA,NA,NA,10.516175,NA,NA,1930.591,19.30591
"Thailand",1930591,"TH",2016,NA,10.5,6.7,NA,NA,NA,NA,NA,NA,NA,NA,NA,1930.591,19.30591
"Thailand",1930591,"TH",2017,NA,NA,NA,NA,NA,NA,100,NA,83.9233581954672,NA,NA,NA,1930.591,19.30591
"Thailand",1930591,"TH",2018,0,NA,NA,NA,NA,93.7677612304688,NA,NA,NA,NA,NA,NA,1930.591,19.30591
"Thailand",1930591,"TH",2019,NA,NA,NA,NA,NA,NA,NA,NA,NA,NA,69625582,0.0277281847353175,1930.591,19.30591
"Timor-Leste",10969,"TL",2017,NA,NA,NA,NA,NA,NA,100,NA,28.1782288377724,NA,NA,NA,10.969,0.10969
"Timor-Leste",10969,"TL",2018,NA,NA,NA,NA,NA,68.0668334960938,NA,NA,NA,NA,NA,NA,10.969,0.10969
"Timor-Leste",10969,"TL",2019,NA,NA,NA,10.22935962677,4.90430021286011,NA,NA,NA,NA,NA,1293119,0.00848259131603511,10.969,0.10969
"Togo",653425,"TG",2015,51.1,NA,NA,NA,NA,63.7456207275391,NA,NA,NA,16.087606,NA,NA,653.425,6.53425
"Togo",653425,"TG",2017,NA,23.8,15.2,21.4450206756592,NA,NA,100,NA,10.4748055917358,NA,NA,NA,653.425,6.53425
"Togo",653425,"TG",2019,NA,NA,NA,NA,3.14418005943298,NA,NA,NA,NA,NA,8082366,0.0808457572943368,653.425,6.53425
"Trinidad and Tobago",1107399,"TT",2015,NA,NA,NA,NA,NA,NA,NA,NA,89.4432038359682,12.392281,NA,NA,1107.399,11.07399
"Trinidad and Tobago",1107399,"TT",2017,NA,NA,NA,NA,NA,NA,100,NA,NA,NA,NA,NA,1107.399,11.07399
"Trinidad and Tobago",1107399,"TT",2019,NA,NA,NA,NA,NA,NA,NA,NA,NA,NA,1394973,0.793849773436475,1107.399,11.07399
"Tunisia",18411445,"TN",2015,0.2,NA,NA,NA,NA,NA,NA,NA,NA,7.4720325,NA,NA,18411.445,184.11445
"Tunisia",18411445,"TN",2017,NA,NA,NA,NA,NA,NA,100,92.6575245357943,78.6868906487833,NA,NA,NA,18411.445,184.11445
"Tunisia",18411445,"TN",2018,NA,8.4,1.6,NA,NA,NA,NA,NA,NA,NA,NA,NA,18411.445,184.11445
"Tunisia",18411445,"TN",2019,NA,NA,NA,NA,NA,NA,NA,NA,NA,NA,11694719,1.5743383829915,18411.445,184.11445
"Turkey",245949880,"TR",2015,NA,NA,NA,NA,NA,NA,NA,NA,NA,11.396656,NA,NA,245949.88,2459.4988
"Turkey",245949880,"TR",2017,NA,NA,NA,NA,NA,96.1505279541016,100,NA,NA,NA,NA,NA,245949.88,2459.4988
"Turkey",245949880,"TR",2018,0,6,1.5,6.21764993667603,4.95620012283325,NA,NA,NA,NA,NA,NA,NA,245949.88,2459.4988
"Turkey",245949880,"TR",2019,NA,NA,NA,NA,NA,NA,NA,NA,NA,NA,83429615,2.94799250841563,245949.88,2459.4988
"Uganda",4109007,"UG",2016,41.5,28.9,10.4,NA,NA,NA,NA,NA,NA,NA,NA,NA,4109.007,41.09007
"Uganda",4109007,"UG",2017,NA,NA,NA,NA,NA,NA,100,7.06580029990656,21.2224894594787,NA,NA,NA,4109.007,41.09007
"Uganda",4109007,"UG",2018,NA,NA,NA,NA,NA,76.5274963378906,NA,NA,NA,NA,NA,NA,4109.007,41.09007
"Uganda",4109007,"UG",2019,NA,NA,NA,NA,NA,NA,NA,NA,NA,NA,44269594,0.0928178153158577,4109.007,41.09007
"Ukraine",135091993,"UA",2015,NA,NA,NA,NA,NA,NA,NA,NA,NA,5.6338878,NA,NA,135091.993,1350.91993
"Ukraine",135091993,"UA",2017,NA,NA,NA,NA,NA,NA,100,92.0068567305055,NA,NA,NA,NA,135091.993,1350.91993
"Ukraine",135091993,"UA",2018,0,NA,NA,NA,NA,NA,NA,NA,NA,NA,NA,NA,135091.993,1350.91993
"Ukraine",135091993,"UA",2019,NA,NA,NA,NA,NA,NA,NA,NA,NA,NA,44385155,3.0436300830762,135091.993,1350.91993
"United Arab Emirates",38314786,"AE",2015,NA,NA,NA,NA,NA,93.2271423339844,NA,NA,NA,12.6800359999999,NA,NA,38314.786,383.14786
"United Arab Emirates",38314786,"AE",2017,NA,NA,NA,0.565789997577667,1.25688004493713,NA,100,NA,NA,NA,NA,NA,38314.786,383.14786
"United Arab Emirates",38314786,"AE",2019,NA,NA,NA,NA,NA,NA,NA,NA,NA,NA,9770529,3.92146484596689,38314.786,383.14786
"United Kingdom",372338232,"GB",2015,NA,NA,NA,NA,NA,NA,NA,NA,NA,6.952281,NA,NA,372338.232,3723.38232
"United Kingdom",372338232,"GB",2016,0.2,NA,NA,NA,NA,NA,NA,NA,NA,NA,NA,NA,372338.232,3723.38232
"United Kingdom",372338232,"GB",2017,NA,NA,NA,NA,NA,NA,66.5332490328298,99.9887792531926,NA,NA,NA,NA,372338.232,3723.38232
"United Kingdom",372338232,"GB",2018,NA,NA,NA,0.122699998319149,0.663089990615845,NA,NA,NA,NA,NA,NA,NA,372338.232,3723.38232
"United Kingdom",372338232,"GB",2019,NA,NA,NA,NA,NA,NA,NA,NA,NA,NA,66834405,5.57105628455883,372338.232,3723.38232
"Uruguay",2878570,"UY",2015,NA,NA,NA,NA,NA,NA,NA,NA,NA,7.6167774,NA,NA,2878.57,28.7857
"Uruguay",2878570,"UY",2017,NA,NA,NA,0.261339992284775,NA,NA,22.3857446597034,NA,NA,NA,NA,NA,2878.57,28.7857
"Uruguay",2878570,"UY",2018,0.1,NA,NA,NA,0.135690003633499,98.703857421875,NA,NA,NA,NA,NA,NA,2878.57,28.7857
"Uruguay",2878570,"UY",2019,NA,NA,NA,NA,NA,NA,NA,NA,NA,NA,3461734,0.83153991612296,2878.57,28.7857
"US",3114432994,NA,NA,NA,NA,NA,NA,NA,NA,NA,NA,NA,NA,NA,NA,3114432.994,31144.32994
"Uzbekistan",14002918,"UZ",2015,NA,NA,NA,NA,NA,NA,NA,NA,NA,5.26054759999999,NA,NA,14002.918,140.02918
"Uzbekistan",14002918,"UZ",2017,NA,10.8,2.9,NA,NA,NA,100,58.9038053495427,NA,NA,NA,NA,14002.918,140.02918
"Uzbekistan",14002918,"UZ",2018,NA,NA,NA,NA,NA,99.9928894042969,NA,NA,NA,NA,NA,NA,14002.918,140.02918
"Uzbekistan",14002918,"UZ",2019,NA,NA,NA,1.21013998985291,0.623730003833771,NA,NA,NA,NA,NA,33580650,0.41699365557248,14002.918,140.02918
"Vanuatu",107,"VU",2015,NA,NA,NA,3.40196990966797,7.8522801399231,NA,NA,NA,NA,10.9101909999999,NA,NA,0.107,0.00107
"Vanuatu",107,"VU",2017,NA,NA,NA,NA,NA,NA,99.9999999872286,44.1303256181251,25.2091496960843,NA,NA,NA,0.107,0.00107
"Vanuatu",107,"VU",2018,NA,NA,NA,NA,NA,87.5063095092773,NA,NA,NA,NA,NA,NA,0.107,0.00107
"Vanuatu",107,"VU",2019,NA,NA,NA,NA,NA,NA,NA,NA,NA,NA,299882,0.000356807010757565,0.107,0.00107
"Venezuela",19190649,NA,NA,NA,NA,NA,NA,NA,NA,NA,NA,NA,NA,NA,NA,19190.649,191.90649
"Vietnam",319481,"VN",2015,NA,NA,NA,NA,NA,NA,NA,NA,NA,8.2114124,NA,NA,319.481,3.19481
"Vietnam",319481,"VN",2017,NA,23.8,13.4,NA,NA,NA,100,NA,85.8465441491179,NA,NA,NA,319.481,3.19481
"Vietnam",319481,"VN",2018,1.9,NA,NA,NA,NA,95.0003814697266,NA,NA,NA,NA,NA,NA,319.481,3.19481
"Vietnam",319481,"VN",2019,NA,NA,NA,NA,NA,NA,NA,NA,NA,NA,96462106,0.00331198450093967,319.481,3.19481
"West Bank and Gaza",17433555,"PS",2015,NA,NA,NA,NA,NA,NA,NA,NA,NA,8.3860989,NA,NA,17433.555,174.33555
"West Bank and Gaza",17433555,"PS",2016,0.8,NA,NA,NA,NA,NA,NA,NA,NA,NA,NA,NA,17433.555,174.33555
"West Bank and Gaza",17433555,"PS",2017,NA,NA,NA,NA,NA,NA,100,NA,NA,NA,NA,NA,17433.555,174.33555
"West Bank and Gaza",17433555,"PS",2018,NA,NA,NA,NA,NA,97.2186126708984,NA,NA,NA,NA,NA,NA,17433.555,174.33555
"West Bank and Gaza",17433555,"PS",2019,NA,NA,NA,2.54889011383057,3.45283007621765,NA,NA,NA,NA,NA,4685306,3.72089997963847,17433.555,174.33555
"World",13148975314,"1W",2015,NA,NA,NA,NA,NA,NA,NA,NA,NA,14.5635408338696,NA,NA,13148975.314,131489.75314
"World",13148975314,"1W",2017,9.2,NA,NA,NA,NA,NA,91.2995240356228,70.6448800850252,NA,NA,NA,NA,13148975.314,131489.75314
"World",13148975314,"1W",2019,NA,21.3,13,15.3442001342773,8.01842975616455,86.4783020019531,NA,NA,NA,NA,7673533974,1.71354884966331,13148975.314,131489.75314
"Yemen",499218,NA,NA,NA,NA,NA,NA,NA,NA,NA,NA,NA,NA,NA,NA,499.218,4.99218
"Zambia",5158378,"ZM",2015,58.7,NA,NA,NA,NA,NA,NA,NA,NA,11.5986949999999,NA,NA,5158.378,51.58378
"Zambia",5158378,"ZM",2017,NA,NA,NA,NA,14.8964595794678,NA,100,NA,13.9380800136336,NA,NA,NA,5158.378,51.58378
"Zambia",5158378,"ZM",2018,NA,34.6,11.8,NA,NA,86.7479629516602,NA,NA,NA,NA,NA,NA,5158.378,51.58378
"Zambia",5158378,"ZM",2019,NA,NA,NA,NA,NA,NA,NA,NA,NA,NA,17861030,0.288806300644476,5158.378,51.58378
"Zimbabwe",2963563,"ZW",2015,NA,NA,NA,NA,NA,NA,NA,NA,NA,12.628009,NA,NA,2963.563,29.63563
"Zimbabwe",2963563,"ZW",2017,33.9,NA,NA,NA,NA,NA,100,NA,36.7912611732953,NA,NA,NA,2963.563,29.63563
"Zimbabwe",2963563,"ZW",2019,NA,23.5,9.7,NA,NA,NA,NA,NA,NA,NA,14645468,0.20235358815437,2963.563,29.63563
