"name","total_covid_deaths","iso2c","year","Maternal.mortality.ratio..modeled.estimate..per.100.000.live.births.","mortality.rate..under.5...per.1.000.live.births.","Mortality.rate.attributed.to.household.and.ambient.air.pollution..age.standardized..per.100.000.population.","Mortality.rate.attributed.to.unintentional.poisoning..per.100.000.population.","Mortality.rate.attributed.to.unsafe.water..unsafe.sanitation.and.lack.of.hygiene..per.100.000.population.","Cause.of.death..by.injury....of.total.","Cause.of.death..by.non.communicable.diseases....of.total.","Refugee.population.by.country.or.territory.of.asylum","Refugee.population.by.country.or.territory.of.origin","Population","covid_death_pct_pop","covid_death_per_1000","covid_death_per_100000"
"Afghanistan",427259,"AF",2016,NA,NA,211.1,1.2,13.9,NA,NA,NA,NA,NA,NA,427.259,4.27259
"Afghanistan",427259,"AF",2017,638,NA,NA,NA,NA,NA,NA,NA,NA,NA,NA,427.259,4.27259
"Afghanistan",427259,"AF",2019,NA,60.3,NA,NA,NA,17.2884637273119,49.7810848710223,72227,2728853,38041754,0.0112313170417957,427.259,4.27259
"Albania",164829,"AL",2016,NA,NA,68,0.4,0.2,NA,NA,NA,NA,NA,NA,164.829,1.64829
"Albania",164829,"AL",2017,15,NA,NA,NA,NA,NA,NA,NA,NA,NA,NA,164.829,1.64829
"Albania",164829,"AL",2019,NA,9.7,NA,NA,NA,3.03599641131377,93.9408931427863,120,15027,2854191,0.057749814220562,164.829,1.64829
"Algeria",535931,"DZ",2016,NA,NA,49.7,0.8,1.9,NA,NA,NA,NA,NA,NA,535.931,5.35931
"Algeria",535931,"DZ",2017,112,NA,NA,NA,NA,NA,NA,NA,NA,NA,NA,535.931,5.35931
"Algeria",535931,"DZ",2019,NA,23.3,NA,NA,NA,7.66004004219541,79.3555504278759,98599,4514,43053054,0.0124481529231353,535.931,5.35931
"Andorra",20843,"AD",2015,NA,NA,NA,NA,NA,NA,NA,NA,5,NA,NA,20.843,0.20843
"Andorra",20843,"AD",2019,NA,3,NA,NA,NA,NA,NA,NA,NA,77142,0.270190039148583,20.843,0.20843
"Angola",61976,"AO",2016,NA,NA,118.5,2.7,48.8,NA,NA,NA,NA,NA,NA,61.976,0.61976
"Angola",61976,"AO",2017,241,NA,NA,NA,NA,NA,NA,NA,NA,NA,NA,61.976,0.61976
"Angola",61976,"AO",2019,NA,74.7,NA,NA,NA,9.08828741319193,31.7494401531339,25793,8178,31825295,0.00194738179174773,61.976,0.61976
"Antigua and Barbuda",1262,"AG",2016,NA,NA,29.9,0.4,0.1,NA,NA,5,NA,NA,NA,1.262,0.01262
"Antigua and Barbuda",1262,"AG",2017,42,NA,NA,NA,NA,NA,NA,NA,NA,NA,NA,1.262,0.01262
"Antigua and Barbuda",1262,"AG",2019,NA,6.6,NA,NA,NA,5.37279775035651,84.7928092808798,NA,117,97118,0.0129945015342161,1.262,0.01262
"Argentina",6415070,"AR",2016,NA,NA,26.6,0.6,0.4,NA,NA,NA,NA,NA,NA,6415.07,64.1507
"Argentina",6415070,"AR",2017,39,NA,NA,NA,NA,NA,NA,NA,NA,NA,NA,6415.07,64.1507
"Argentina",6415070,"AR",2019,NA,9.3,NA,NA,NA,5.70904330858032,76.6944625404959,3857,99,44938712,0.142751532353664,6415.07,64.1507
"Armenia",415934,"AM",2016,NA,NA,54.8,0.6,0.2,NA,NA,NA,NA,NA,NA,415.934,4.15934
"Armenia",415934,"AM",2017,26,NA,NA,NA,NA,NA,NA,NA,NA,NA,NA,415.934,4.15934
"Armenia",415934,"AM",2019,NA,11.8,NA,NA,NA,4.67775117531801,88.6277513245613,17980,10962,2957731,0.140626040704851,415.934,4.15934
"Australia",182939,"AU",2016,NA,NA,8.4,0.2,0.1,NA,NA,NA,NA,NA,NA,182.939,1.82939
"Australia",182939,"AU",2017,6,NA,NA,NA,NA,NA,NA,NA,NA,NA,NA,182.939,1.82939
"Australia",182939,"AU",2019,NA,3.6,NA,NA,NA,5.94459221316378,89.1143536670652,76768,20,25364307,0.00721245804192482,182.939,1.82939
"Austria",769801,"AT",2016,NA,NA,15.3,0.2,0.1,NA,NA,NA,NA,NA,NA,769.801,7.69801
"Austria",769801,"AT",2017,5,NA,NA,NA,NA,NA,NA,NA,NA,NA,NA,769.801,7.69801
"Austria",769801,"AT",2019,NA,3.5,NA,NA,NA,5.44531462854727,90.9847050700664,135951,18,8877067,0.0867179441137484,769.801,7.69801
"Azerbaijan",330022,"AZ",2016,NA,NA,63.9,0.6,1.1,NA,NA,NA,NA,NA,NA,330.022,3.30022
"Azerbaijan",330022,"AZ",2017,26,NA,NA,NA,NA,NA,NA,NA,NA,NA,NA,330.022,3.30022
"Azerbaijan",330022,"AZ",2019,NA,20.4,NA,NA,NA,3.7636405524941,90.2481711224634,1109,11626,10023318,0.0329254244951622,330.022,3.30022
"Bahamas",27288,NA,NA,NA,NA,NA,NA,NA,NA,NA,NA,NA,NA,NA,27.288,0.27288
"Bahrain",68045,"BH",2016,NA,NA,40.1,0.2,0.1,NA,NA,NA,NA,NA,NA,68.045,0.68045
"Bahrain",68045,"BH",2017,14,NA,NA,NA,NA,NA,NA,NA,NA,NA,NA,68.045,0.68045
"Bahrain",68045,"BH",2019,NA,6.9,NA,NA,NA,8.89231702659159,86.0990092950325,251,557,1641172,0.0414612240520799,68.045,0.68045
"Bangladesh",1411158,"BD",2016,NA,NA,149,0.3,11.9,NA,NA,NA,NA,NA,NA,1411.158,14.11158
"Bangladesh",1411158,"BD",2017,173,NA,NA,NA,NA,NA,NA,NA,NA,NA,NA,1411.158,14.11158
"Bangladesh",1411158,"BD",2019,NA,30.8,NA,NA,NA,7.13149266345035,70.2556717831391,854779,22880,163046161,0.00865495999013433,1411.158,14.11158
"Barbados",2642,"BB",2016,NA,NA,31.1,0.2,0.2,NA,NA,NA,NA,NA,NA,2.642,0.02642
"Barbados",2642,"BB",2017,27,NA,NA,NA,NA,NA,NA,NA,NA,NA,NA,2.642,0.02642
"Barbados",2642,"BB",2019,NA,12.7,NA,NA,NA,4.30922726355312,82.790270878622,NA,243,287025,0.00920477310338821,2.642,0.02642
"Belarus",265402,"BY",2016,NA,NA,60.7,2.6,0.1,NA,NA,NA,NA,NA,NA,265.402,2.65402
"Belarus",265402,"BY",2017,2,NA,NA,NA,NA,NA,NA,NA,NA,NA,NA,265.402,2.65402
"Belarus",265402,"BY",2019,NA,3.2,NA,NA,NA,5.71450571457612,92.6768424325138,2725,3425,9466856,0.0280348618379745,265.402,2.65402
"Belgium",4081101,"BE",2016,NA,NA,15.7,0.2,0.3,NA,NA,NA,NA,NA,NA,4081.101,40.81101
"Belgium",4081101,"BE",2017,5,NA,NA,NA,NA,NA,NA,NA,NA,NA,NA,4081.101,40.81101
"Belgium",4081101,"BE",2019,NA,3.4,NA,NA,NA,6.12096377150522,85.9811278647269,61662,34,11484055,0.355371077550569,4081.101,40.81101
"Belize",27545,"BZ",2016,NA,NA,68.6,0.5,1,NA,NA,NA,NA,NA,NA,27.545,0.27545
"Belize",27545,"BZ",2017,36,NA,NA,NA,NA,NA,NA,NA,NA,NA,NA,27.545,0.27545
"Belize",27545,"BZ",2019,NA,12.3,NA,NA,NA,18.8455291613112,65.2188110018724,29,73,390353,0.0705643353579965,27.545,0.27545
"Benin",10415,"BJ",2016,NA,NA,205,3.5,59.7,NA,NA,NA,NA,NA,NA,10.415,0.10415
"Benin",10415,"BJ",2017,397,NA,NA,NA,NA,NA,NA,NA,NA,NA,NA,10.415,0.10415
"Benin",10415,"BJ",2019,NA,90.3,NA,NA,NA,9.19147102400214,38.9765291553727,1238,716,11801151,0.000882541033497495,10.415,0.10415
"Bhutan",48,"BT",2016,NA,NA,124.5,0.6,3.9,NA,NA,NA,NA,NA,NA,0.048,0.00048
"Bhutan",48,"BT",2017,183,NA,NA,NA,NA,NA,NA,NA,NA,NA,NA,0.048,0.00048
"Bhutan",48,"BT",2019,NA,28.5,NA,NA,NA,9.04574466073515,72.7433195327289,NA,6980,763092,6.29019829850136e-05,0.048,0.00048
"Bolivia",1800466,"BO",2016,NA,NA,63.7,2,5.6,NA,NA,NA,NA,NA,NA,1800.466,18.00466
"Bolivia",1800466,"BO",2017,155,NA,NA,NA,NA,NA,NA,NA,NA,NA,NA,1800.466,18.00466
"Bolivia",1800466,"BO",2019,NA,26,NA,NA,NA,8.7017791007376,72.6759001252702,863,514,11513100,0.156384118960141,1800.466,18.00466
"Bosnia and Herzegovina",504925,"BA",2016,NA,NA,79.8,0.5,0.1,NA,NA,NA,NA,NA,NA,504.925,5.04925
"Bosnia and Herzegovina",504925,"BA",2017,10,NA,NA,NA,NA,NA,NA,NA,NA,NA,NA,504.925,5.04925
"Bosnia and Herzegovina",504925,"BA",2019,NA,5.9,NA,NA,NA,3.76658780271476,94.4236633469105,5241,16556,3301000,0.152961223871554,504.925,5.04925
"Botswana",10731,"BW",2016,NA,NA,101.3,1.1,11.8,NA,NA,NA,NA,NA,NA,10.731,0.10731
"Botswana",10731,"BW",2017,144,NA,NA,NA,NA,NA,NA,NA,NA,NA,NA,10.731,0.10731
"Botswana",10731,"BW",2019,NA,41.6,NA,NA,NA,9.38521814911902,45.7103277474811,1113,228,2303697,0.00465816468051137,10.731,0.10731
"Brazil",39255390,"BR",2016,NA,NA,29.9,0.2,1,NA,NA,NA,NA,NA,NA,39255.39,392.5539
"Brazil",39255390,"BR",2017,60,NA,NA,NA,NA,NA,NA,NA,NA,NA,NA,39255.39,392.5539
"Brazil",39255390,"BR",2019,NA,13.9,NA,NA,NA,11.5536597805284,74.7376983511031,32844,1399,211049527,0.186000843299687,39255.39,392.5539
"Brunei",862,NA,NA,NA,NA,NA,NA,NA,NA,NA,NA,NA,NA,NA,0.862,0.00862
"Bulgaria",839121,"BG",2016,NA,NA,61.8,0.6,0.1,NA,NA,NA,NA,NA,NA,839.121,8.39121
"Bulgaria",839121,"BG",2017,10,NA,NA,NA,NA,NA,NA,NA,NA,NA,NA,839.121,8.39121
"Bulgaria",839121,"BG",2019,NA,6.7,NA,NA,NA,2.47491821960442,95.3110776571572,20438,561,6975761,0.120290961803307,839.121,8.39121
"Burkina Faso",21802,"BF",2016,NA,NA,206.2,3,49.6,NA,NA,NA,NA,NA,NA,21.802,0.21802
"Burkina Faso",21802,"BF",2017,320,NA,NA,NA,NA,NA,NA,NA,NA,NA,NA,21.802,0.21802
"Burkina Faso",21802,"BF",2019,NA,87.5,NA,NA,NA,11.1299696099475,34.7652014223855,25869,11733,20321378,0.00107286031488613,21.802,0.21802
"Burundi",406,"BI",2016,NA,NA,179.9,5.2,65.4,NA,NA,NA,NA,NA,NA,0.406,0.00406
"Burundi",406,"BI",2017,548,NA,NA,NA,NA,NA,NA,NA,NA,NA,NA,0.406,0.00406
"Burundi",406,"BI",2019,NA,56.5,NA,NA,NA,12.0613038251609,36.7638905790271,78465,381508,11530580,3.52107179343971e-05,0.406,0.00406
"Cabo Verde",19470,"CV",2016,NA,NA,99.5,0.5,4.1,NA,NA,NA,NA,NA,NA,19.47,0.1947
"Cabo Verde",19470,"CV",2017,58,NA,NA,NA,NA,NA,NA,NA,NA,NA,NA,19.47,0.1947
"Cabo Verde",19470,"CV",2019,NA,14.9,NA,NA,NA,14.0503672882585,70.1204552332968,NA,10,549935,0.0354041841308518,19.47,0.1947
"Cambodia",0,"KH",2016,NA,NA,149.8,0.6,6.5,NA,NA,NA,NA,NA,NA,0,0
"Cambodia",0,"KH",2017,160,NA,NA,NA,NA,NA,NA,61,NA,NA,NA,0,0
"Cambodia",0,"KH",2019,NA,26.6,NA,NA,NA,9.24472413666233,67.7209576492285,NA,11986,16486542,0,0,0
"Cameroon",114578,"CM",2016,NA,NA,208.1,3.1,45.2,NA,NA,NA,NA,NA,NA,114.578,1.14578
"Cameroon",114578,"CM",2017,529,NA,NA,NA,NA,NA,NA,NA,NA,NA,NA,114.578,1.14578
"Cameroon",114578,"CM",2019,NA,74.8,NA,NA,NA,10.4575175768539,37.7262566860188,406259,66305,25876380,0.00442789911108123,114.578,1.14578
"Canada",3480503,"CA",2016,NA,NA,7,0.3,0.4,NA,NA,NA,NA,NA,NA,3480.503,34.80503
"Canada",3480503,"CA",2017,10,NA,NA,NA,NA,NA,NA,NA,NA,NA,NA,3480.503,34.80503
"Canada",3480503,"CA",2019,NA,4.9,NA,NA,NA,5.41911458940873,89.8086329490656,101757,71,37589262,0.092593012334214,3480.503,34.80503
"Central African Republic",15197,"CF",2016,NA,NA,211.9,3.2,82.1,NA,NA,NA,NA,NA,NA,15.197,0.15197
"Central African Republic",15197,"CF",2017,829,NA,NA,NA,NA,NA,NA,NA,NA,NA,NA,15.197,0.15197
"Central African Republic",15197,"CF",2019,NA,110.1,NA,NA,NA,9.02071399710817,31.9181186711719,7170,610203,4745185,0.0032026148611698,15.197,0.15197
"Chad",26152,"TD",2016,NA,NA,280.1,3.6,101,NA,NA,NA,NA,NA,NA,26.152,0.26152
"Chad",26152,"TD",2017,1140,NA,NA,NA,NA,NA,NA,NA,NA,NA,NA,26.152,0.26152
"Chad",26152,"TD",2019,NA,113.8,NA,NA,NA,9.56702741121068,26.9854526457781,442670,11192,15946876,0.00163994502747748,26.152,0.26152
"Chile",3410860,"CL",2016,NA,NA,25.3,0.2,0.2,NA,NA,NA,NA,NA,NA,3410.86,34.1086
"Chile",3410860,"CL",2017,13,NA,NA,NA,NA,NA,NA,NA,NA,NA,NA,3410.86,34.1086
"Chile",3410860,"CL",2019,NA,7,NA,NA,NA,7.76325777813412,85.1251257357857,2046,486,18952038,0.179973256701997,3410.86,34.1086
"China",1680014,"CN",2016,NA,NA,112.7,1.4,0.6,NA,NA,NA,NA,NA,NA,1680.014,16.80014
"China",1680014,"CN",2017,29,NA,NA,NA,NA,NA,NA,NA,NA,NA,NA,1680.014,16.80014
"China",1680014,"CN",2019,NA,7.9,NA,NA,NA,6.81721294175657,89.6330763010546,303379,212863,1397715000,0.001201971789671,1680.014,16.80014
"Colombia",7456796,"CO",2016,NA,NA,37,0.4,0.8,NA,NA,NA,NA,NA,NA,7456.796,74.56796
"Colombia",7456796,"CO",2017,83,NA,NA,NA,NA,NA,NA,NA,NA,NA,NA,7456.796,74.56796
"Colombia",7456796,"CO",2019,NA,13.8,NA,NA,NA,14.0145081478681,75.6457144242242,634,189448,50339443,0.148130284238544,7456.796,74.56796
"Comoros",5813,"KM",2016,NA,NA,172.4,2.4,50.7,NA,NA,NA,NA,NA,NA,5.813,0.05813
"Comoros",5813,"KM",2017,273,NA,NA,NA,NA,NA,NA,NA,NA,NA,NA,5.813,0.05813
"Comoros",5813,"KM",2019,NA,62.9,NA,NA,NA,11.2467830416715,44.6818800906545,NA,658,850886,0.00683170248423408,5.813,0.05813
"Congo (Kinshasa)",94774,NA,NA,NA,NA,NA,NA,NA,NA,NA,NA,NA,NA,NA,94.774,0.94774
"Costa Rica",314584,"CR",2016,NA,NA,23.3,0.3,0.9,NA,NA,NA,NA,NA,NA,314.584,3.14584
"Costa Rica",314584,"CR",2017,27,NA,NA,NA,NA,NA,NA,NA,NA,NA,NA,314.584,3.14584
"Costa Rica",314584,"CR",2019,NA,8.6,NA,NA,NA,10.8785114228484,81.9929907443709,6204,206,5047561,0.062323962008582,314.584,3.14584
"Cote d'Ivoire",32372,"CI",2016,NA,NA,269.1,3.9,47.2,NA,NA,NA,NA,NA,NA,32.372,0.32372
"Cote d'Ivoire",32372,"CI",2017,617,NA,NA,NA,NA,NA,NA,NA,NA,NA,NA,32.372,0.32372
"Cote d'Ivoire",32372,"CI",2019,NA,79.3,NA,NA,NA,10.0346807490684,35.6599009600282,2020,39364,25716544,0.00125880056044856,32.372,0.32372
"Croatia",424802,"HR",2016,NA,NA,35.5,0.2,0.1,NA,NA,NA,NA,NA,NA,424.802,4.24802
"Croatia",424802,"HR",2017,8,NA,NA,NA,NA,NA,NA,NA,NA,NA,NA,424.802,4.24802
"Croatia",424802,"HR",2019,NA,4.8,NA,NA,NA,5.06513555428123,91.5384707848712,916,23793,4067500,0.104438106945298,424.802,4.24802
"Cuba",38220,"CU",2016,NA,NA,49.5,0.3,1,NA,NA,NA,NA,NA,NA,38.22,0.3822
"Cuba",38220,"CU",2017,36,NA,NA,NA,NA,NA,NA,NA,NA,NA,NA,38.22,0.3822
"Cuba",38220,"CU",2019,NA,5.1,NA,NA,NA,7.47764328278062,83.3072850613784,233,6631,11333483,0.00337230840686839,38.22,0.3822
"Cyprus",18191,"CY",2016,NA,NA,20.1,0.1,0.3,NA,NA,NA,NA,NA,NA,18.191,0.18191
"Cyprus",18191,"CY",2017,6,NA,NA,NA,NA,NA,NA,NA,NA,NA,NA,18.191,0.18191
"Cyprus",18191,"CY",2018,NA,NA,NA,NA,NA,NA,NA,NA,7,NA,NA,18.191,0.18191
"Cyprus",18191,"CY",2019,NA,2.3,NA,NA,NA,5.3466254345444,89.8616486277654,12311,NA,1198575,0.0151771895792921,18.191,0.18191
"Czechia",1469500,NA,NA,NA,NA,NA,NA,NA,NA,NA,NA,NA,NA,NA,1469.5,14.695
"Denmark",285323,"DK",2016,NA,NA,13.2,0.1,0.3,NA,NA,NA,NA,NA,NA,285.323,2.85323
"Denmark",285323,"DK",2017,4,NA,NA,NA,NA,NA,NA,NA,NA,NA,NA,285.323,2.85323
"Denmark",285323,"DK",2019,NA,3.8,NA,NA,NA,3.51602038320691,89.6578412938322,37533,5,5818553,0.0490367622328094,285.323,2.85323
"Djibouti",15929,"DJ",2016,NA,NA,159,2.4,31.3,NA,NA,NA,NA,NA,NA,15.929,0.15929
"Djibouti",15929,"DJ",2017,248,NA,NA,NA,NA,NA,NA,NA,NA,NA,NA,15.929,0.15929
"Djibouti",15929,"DJ",2019,NA,57.5,NA,NA,NA,10.8115460993377,51.7746300342238,19639,2351,973560,0.0163616007231193,15.929,0.15929
"Dominica",0,"DM",2019,NA,34.7,NA,NA,NA,NA,NA,NA,50,71808,0,0,0
"Dominican Republic",526709,"DO",2016,NA,NA,43,0.4,2.2,NA,NA,NA,NA,NA,NA,526.709,5.26709
"Dominican Republic",526709,"DO",2017,95,NA,NA,NA,NA,NA,NA,NA,NA,NA,NA,526.709,5.26709
"Dominican Republic",526709,"DO",2019,NA,28,NA,NA,NA,15.48988619393,71.9343488283774,164,546,10738958,0.0490465648529401,526.709,5.26709
"Ecuador",2874968,"EC",2016,NA,NA,24.5,0.6,0.6,NA,NA,NA,NA,NA,NA,2874.968,28.74968
"Ecuador",2874968,"EC",2017,59,NA,NA,NA,NA,NA,NA,NA,NA,NA,NA,2874.968,28.74968
"Ecuador",2874968,"EC",2019,NA,14,NA,NA,NA,11.4597060711425,76.2035026213013,104560,1652,17373662,0.16547852720975,2874.968,28.74968
"Egypt",1639875,NA,NA,NA,NA,NA,NA,NA,NA,NA,NA,NA,NA,NA,1639.875,16.39875
"El Salvador",240439,"SV",2016,NA,NA,41.9,0.2,2,NA,NA,NA,NA,NA,NA,240.439,2.40439
"El Salvador",240439,"SV",2017,46,NA,NA,NA,NA,NA,NA,NA,NA,NA,NA,240.439,2.40439
"El Salvador",240439,"SV",2019,NA,13.3,NA,NA,NA,19.0934834826794,65.1075874676011,48,41850,6453553,0.0372568413089658,240.439,2.40439
"Equatorial Guinea",20063,"GQ",2016,NA,NA,177.7,1.9,22.3,NA,NA,NA,NA,NA,NA,20.063,0.20063
"Equatorial Guinea",20063,"GQ",2017,301,NA,NA,NA,NA,NA,NA,NA,NA,NA,NA,20.063,0.20063
"Equatorial Guinea",20063,"GQ",2019,NA,81.8,NA,NA,NA,7.70971711464802,32.7808875315218,NA,156,1355986,0.0147958754736406,20.063,0.20063
"Eritrea",352,"ER",2016,NA,NA,173.7,4.2,45.6,NA,NA,NA,NA,NA,NA,0.352,0.00352
"Eritrea",352,"ER",2017,480,NA,NA,NA,NA,NA,NA,NA,NA,NA,NA,0.352,0.00352
"Eritrea",352,"ER",2019,NA,40.5,NA,NA,NA,11.8773072432547,49.4781866614906,199,505118,NA,NA,0.352,0.00352
"Estonia",42589,"EE",2016,NA,NA,25,0.5,0.1,NA,NA,NA,NA,NA,NA,42.589,0.42589
"Estonia",42589,"EE",2017,9,NA,NA,NA,NA,NA,NA,NA,NA,NA,NA,42.589,0.42589
"Estonia",42589,"EE",2019,NA,2.4,NA,NA,NA,4.22251355239039,92.1948909762529,331,269,1326590,0.0321041165695505,42.589,0.42589
"Eswatini",44235,"SZ",2016,NA,NA,137,3.3,27.9,NA,NA,NA,NA,NA,NA,44.235,0.44235
"Eswatini",44235,"SZ",2017,437,NA,NA,NA,NA,NA,NA,NA,NA,NA,NA,44.235,0.44235
"Eswatini",44235,"SZ",2019,NA,49.4,NA,NA,NA,12.0582584827889,45.8623399494381,940,217,1148130,0.0385278670533825,44.235,0.44235
"Ethiopia",315723,"ET",2016,NA,NA,144.4,2.9,43.7,NA,NA,NA,NA,NA,NA,315.723,3.15723
"Ethiopia",315723,"ET",2017,401,NA,NA,NA,NA,NA,NA,NA,NA,NA,NA,315.723,3.15723
"Ethiopia",315723,"ET",2019,NA,50.7,NA,NA,NA,12.086981875164,43.2587026475636,733123,95685,112078730,0.00281697517450456,315.723,3.15723
"Fiji",391,"FJ",2016,NA,NA,99,0.4,2.9,NA,NA,NA,NA,NA,NA,0.391,0.00391
"Fiji",391,"FJ",2017,34,NA,NA,NA,NA,NA,NA,NA,NA,NA,NA,0.391,0.00391
"Fiji",391,"FJ",2019,NA,25.7,NA,NA,NA,5.94428024132822,84.7051796587893,12,591,889953,0.000439349044275372,0.391,0.00391
"Finland",125010,"FI",2016,NA,NA,7.2,0.2,0.1,NA,NA,NA,NA,NA,NA,125.01,1.2501
"Finland",125010,"FI",2017,3,NA,NA,NA,NA,NA,NA,NA,NA,NA,NA,125.01,1.2501
"Finland",125010,"FI",2018,NA,NA,NA,NA,NA,NA,NA,NA,5,NA,NA,125.01,1.2501
"Finland",125010,"FI",2019,NA,2.4,NA,NA,NA,5.6430073668987,92.9328258466129,23458,NA,5520314,0.0226454509652893,125.01,1.2501
"France",13419156,"FR",2016,NA,NA,9.7,0.5,0.3,NA,NA,NA,NA,NA,NA,13419.156,134.19156
"France",13419156,"FR",2017,8,NA,NA,NA,NA,NA,NA,NA,NA,NA,NA,13419.156,134.19156
"France",13419156,"FR",2019,NA,4.5,NA,NA,NA,6.35586909299778,87.2761033734964,407915,50,67059887,0.200107047600602,13419.156,134.19156
"Gabon",15050,"GA",2016,NA,NA,76,0.9,20.6,NA,NA,NA,NA,NA,NA,15.05,0.1505
"Gabon",15050,"GA",2017,252,NA,NA,NA,NA,NA,NA,NA,NA,NA,NA,15.05,0.1505
"Gabon",15050,"GA",2019,NA,42.5,NA,NA,NA,8.72346871611595,45.0063092378199,454,440,2172579,0.00692725097683444,15.05,0.1505
"Gambia",23432,NA,NA,NA,NA,NA,NA,NA,NA,NA,NA,NA,NA,NA,23.432,0.23432
"Georgia",258443,"GE",2016,NA,NA,101.8,0.8,0.2,NA,NA,NA,NA,NA,NA,258.443,2.58443
"Georgia",258443,"GE",2017,25,NA,NA,NA,NA,NA,NA,NA,NA,NA,NA,258.443,2.58443
"Georgia",258443,"GE",2019,NA,9.6,NA,NA,NA,3.9013560135276,93.3455004497632,1355,7519,3720382,0.0694667913133651,258.443,2.58443
"Germany",5909916,"DE",2016,NA,NA,16,0.2,0.6,NA,NA,NA,NA,NA,NA,5909.916,59.09916
"Germany",5909916,"DE",2017,7,NA,NA,NA,NA,NA,NA,NA,NA,NA,NA,5909.916,59.09916
"Germany",5909916,"DE",2019,NA,3.8,NA,NA,NA,4.64167927814672,90.5983327596301,1146682,69,83132799,0.0710900639830496,5909.916,59.09916
"Ghana",76318,"GH",2016,NA,NA,203.8,1.7,18.8,NA,NA,NA,NA,NA,NA,76.318,0.76318
"Ghana",76318,"GH",2017,308,NA,NA,NA,NA,NA,NA,NA,NA,NA,NA,76.318,0.76318
"Ghana",76318,"GH",2019,NA,46.2,NA,NA,NA,9.37566706581807,45.3861391861051,11946,18425,30417856,0.00250898682668496,76.318,0.76318
"Greece",522438,"GR",2016,NA,NA,27.6,0.2,0.1,NA,NA,NA,NA,NA,NA,522.438,5.22438
"Greece",522438,"GR",2017,3,NA,NA,NA,NA,NA,NA,NA,NA,NA,NA,522.438,5.22438
"Greece",522438,"GR",2019,NA,3.8,NA,NA,NA,3.9092271407784,83.2361672454401,80454,95,10716322,0.0487516145931412,522.438,5.22438
"Grenada",53,"GD",2016,NA,NA,45.3,0.4,0.3,NA,NA,NA,NA,NA,NA,0.053,0.00053
"Grenada",53,"GD",2017,25,NA,NA,NA,NA,NA,NA,NA,NA,NA,NA,0.053,0.00053
"Grenada",53,"GD",2019,NA,16.5,NA,NA,NA,5.85597642799092,82.8045358893799,NA,80,112003,0.000473201610671143,0.053,0.00053
"Guatemala",893798,"GT",2016,NA,NA,73.8,1.1,6.3,NA,NA,NA,NA,NA,NA,893.798,8.93798
"Guatemala",893798,"GT",2017,95,NA,NA,NA,NA,NA,NA,NA,NA,NA,NA,893.798,8.93798
"Guatemala",893798,"GT",2019,NA,24.5,NA,NA,NA,16.1241799000554,61.5661164563163,408,22770,16604026,0.0538301975677465,893.798,8.93798
"Guinea",17442,"GN",2016,NA,NA,243.3,3,44.6,NA,NA,NA,NA,NA,NA,17.442,0.17442
"Guinea",17442,"GN",2017,576,NA,NA,NA,NA,NA,NA,NA,NA,NA,NA,17.442,0.17442
"Guinea",17442,"GN",2019,NA,98.8,NA,NA,NA,8.76659121001158,33.2732838664995,4964,26857,12771246,0.00136572422142679,17.442,0.17442
"Guinea-Bissau",9914,"GW",2016,NA,NA,214.7,2.2,35.3,NA,NA,NA,NA,NA,NA,9.914,0.09914
"Guinea-Bissau",9914,"GW",2017,667,NA,NA,NA,NA,NA,NA,NA,NA,NA,NA,9.914,0.09914
"Guinea-Bissau",9914,"GW",2019,NA,78.5,NA,NA,NA,9.20610287326903,33.173239929153,1846,2093,1920922,0.00516106328107024,9.914,0.09914
"Guyana",26068,"GY",2016,NA,NA,107.8,0.7,3.6,NA,NA,NA,NA,NA,NA,26.068,0.26068
"Guyana",26068,"GY",2017,169,NA,NA,NA,NA,NA,NA,NA,NA,NA,NA,26.068,0.26068
"Guyana",26068,"GY",2019,NA,29.3,NA,NA,NA,12.9406666905255,69.648005383792,14,284,782766,0.0333024173252287,26.068,0.26068
"Haiti",54019,"HT",2016,NA,NA,184.3,2.6,23.8,NA,NA,NA,NA,NA,NA,54.019,0.54019
"Haiti",54019,"HT",2017,480,NA,NA,NA,NA,NA,NA,NA,NA,NA,NA,54.019,0.54019
"Haiti",54019,"HT",2018,NA,NA,NA,NA,NA,NA,NA,5,NA,NA,NA,54.019,0.54019
"Haiti",54019,"HT",2019,NA,62.8,NA,NA,NA,10.6268315967256,64.7169351587221,NA,26734,11263077,0.00479611388610768,54.019,0.54019
"Honduras",608894,"HN",2016,NA,NA,60.7,0.4,3.6,NA,NA,NA,NA,NA,NA,608.894,6.08894
"Honduras",608894,"HN",2017,65,NA,NA,NA,NA,NA,NA,NA,NA,NA,NA,608.894,6.08894
"Honduras",608894,"HN",2019,NA,16.8,NA,NA,NA,17.885319118491,71.4312565119184,75,26370,9746117,0.0624755479541237,608.894,6.08894
"Hungary",1124859,"HU",2016,NA,NA,38.8,0.3,0.2,NA,NA,NA,NA,NA,NA,1124.859,11.24859
"Hungary",1124859,"HU",2017,12,NA,NA,NA,NA,NA,NA,NA,NA,NA,NA,1124.859,11.24859
"Hungary",1124859,"HU",2019,NA,3.7,NA,NA,NA,4.13719063874997,93.8859147873012,5750,4007,9769949,0.115134582585846,1124.859,11.24859
"Iceland",5269,"IS",2016,NA,NA,8.7,0.2,0.1,NA,NA,NA,NA,NA,NA,5.269,0.05269
"Iceland",5269,"IS",2017,4,NA,NA,NA,NA,NA,NA,NA,NA,NA,NA,5.269,0.05269
"Iceland",5269,"IS",2019,NA,2,NA,NA,NA,5.56091161354251,89.4710659502945,894,5,361313,0.0145829239468273,5.269,0.05269
"India",25619683,"IN",2016,NA,NA,184.3,2.4,18.6,NA,NA,NA,NA,NA,NA,25619.683,256.19683
"India",25619683,"IN",2017,145,NA,NA,NA,NA,NA,NA,NA,NA,NA,NA,25619.683,256.19683
"India",25619683,"IN",2019,NA,34.3,NA,NA,NA,9.9006121614115,65.9332019454579,195103,11979,1366417754,0.0187495243859368,25619.683,256.19683
"Indonesia",3737781,"ID",2016,NA,NA,112.4,0.4,7.1,NA,NA,NA,NA,NA,NA,3737.781,37.37781
"Indonesia",3737781,"ID",2017,177,NA,NA,NA,NA,NA,NA,NA,NA,NA,NA,3737.781,37.37781
"Indonesia",3737781,"ID",2019,NA,23.9,NA,NA,NA,4.74791485029487,76.3264256879934,10287,12051,270625568,0.0138116329052841,3737.781,37.37781
"Iran",9392641,NA,NA,NA,NA,NA,NA,NA,NA,NA,NA,NA,NA,NA,9392.641,93.92641
"Iraq",2340221,"IQ",2016,NA,NA,75.1,0.5,3,NA,NA,NA,NA,NA,NA,2340.221,23.40221
"Iraq",2340221,"IQ",2017,79,NA,NA,NA,NA,NA,NA,NA,NA,NA,NA,2340.221,23.40221
"Iraq",2340221,"IQ",2019,NA,25.9,NA,NA,NA,17.8103902558149,66.8927788998746,273986,344460,39309783,0.0595327885681791,2340.221,23.40221
"Ireland",635799,"IE",2015,NA,NA,NA,NA,NA,NA,NA,NA,5,NA,NA,635.799,6.35799
"Ireland",635799,"IE",2016,NA,NA,11.9,0.2,0.1,NA,NA,NA,NA,NA,NA,635.799,6.35799
"Ireland",635799,"IE",2017,5,NA,NA,NA,NA,NA,NA,NA,NA,NA,NA,635.799,6.35799
"Ireland",635799,"IE",2019,NA,3.3,NA,NA,NA,3.9095342520665,90.4058687318321,7795,NA,4941444,0.128666640763307,635.799,6.35799
"Israel",590470,"IL",2016,NA,NA,15.4,0.1,0.2,NA,NA,NA,NA,NA,NA,590.47,5.9047
"Israel",590470,"IL",2017,3,NA,NA,NA,NA,NA,NA,NA,NA,NA,NA,590.47,5.9047
"Israel",590470,"IL",2019,NA,3.7,NA,NA,NA,4.23548509030735,85.4465034349679,16107,452,9053300,0.0652215214341732,590.47,5.9047
"Italy",15346881,"IT",2016,NA,NA,15,0.3,0.1,NA,NA,NA,NA,NA,NA,15346.881,153.46881
"Italy",15346881,"IT",2017,2,NA,NA,NA,NA,NA,NA,NA,NA,NA,NA,15346.881,153.46881
"Italy",15346881,"IT",2019,NA,3.1,NA,NA,NA,3.85670624309975,90.6385058588077,207602,76,60297396,0.254519797173331,15346.881,153.46881
"Jamaica",42656,"JM",2016,NA,NA,25.4,0.2,0.6,NA,NA,NA,NA,NA,NA,42.656,0.42656
"Jamaica",42656,"JM",2017,80,NA,NA,NA,NA,NA,NA,NA,NA,NA,NA,42.656,0.42656
"Jamaica",42656,"JM",2018,NA,NA,NA,NA,NA,NA,NA,13,NA,NA,NA,42.656,0.42656
"Jamaica",42656,"JM",2019,NA,13.9,NA,NA,NA,11.729280289459,79.297063590575,NA,2529,2948279,0.0144681015602662,42.656,0.42656
"Japan",660153,"JP",2016,NA,NA,11.9,0.4,0.2,NA,NA,NA,NA,NA,NA,660.153,6.60153
"Japan",660153,"JP",2017,5,NA,NA,NA,NA,NA,NA,NA,NA,NA,NA,660.153,6.60153
"Japan",660153,"JP",2019,NA,2.5,NA,NA,NA,4.91285957647839,84.7905248056048,1463,39,126264931,0.0052283163248234,660.153,6.60153
"Jordan",407041,"JO",2016,NA,NA,51.2,0.6,0.6,NA,NA,NA,NA,NA,NA,407.041,4.07041
"Jordan",407041,"JO",2017,46,NA,NA,NA,NA,NA,NA,NA,NA,NA,NA,407.041,4.07041
"Jordan",407041,"JO",2019,NA,15.6,NA,NA,NA,10.3837060486942,79.6060658555472,2966079,2384,10101694,0.0402943308320367,407.041,4.07041
"Kazakhstan",503991,"KZ",2016,NA,NA,62.7,2.3,0.4,NA,NA,NA,NA,NA,NA,503.991,5.03991
"Kazakhstan",503991,"KZ",2017,10,NA,NA,NA,NA,NA,NA,NA,NA,NA,NA,503.991,5.03991
"Kazakhstan",503991,"KZ",2019,NA,10.5,NA,NA,NA,8.19985364765381,86.6754521201012,518,2757,18513930,0.0272222591313676,503.991,5.03991
"Kenya",255035,"KE",2016,NA,NA,78.1,1.8,51.2,NA,NA,NA,NA,NA,NA,255.035,2.55035
"Kenya",255035,"KE",2017,342,NA,NA,NA,NA,NA,NA,NA,NA,NA,NA,255.035,2.55035
"Kenya",255035,"KE",2019,NA,43.2,NA,NA,NA,10.8536088765901,40.856479221944,438899,8018,52573973,0.00485097445460323,255.035,2.55035
"Korea, South",178934,NA,NA,NA,NA,NA,NA,NA,NA,NA,NA,NA,NA,NA,178.934,1.78934
"Kosovo",199281,"XK",2019,NA,NA,NA,NA,NA,NA,NA,NA,NA,1794248,0.111066586112957,199.281,1.99281
"Kuwait",185587,"KW",2016,NA,NA,103.8,0.2,0.1,NA,NA,NA,NA,NA,NA,185.587,1.85587
"Kuwait",185587,"KW",2017,12,NA,NA,NA,NA,NA,NA,NA,NA,NA,NA,185.587,1.85587
"Kuwait",185587,"KW",2019,NA,7.9,NA,NA,NA,13.5451957149019,79.3692717439555,686,1300,4207083,0.0441129875498059,185.587,1.85587
"Kyrgyzstan",281865,NA,NA,NA,NA,NA,NA,NA,NA,NA,NA,NA,NA,NA,281.865,2.81865
"Laos",0,NA,NA,NA,NA,NA,NA,NA,NA,NA,NA,NA,NA,NA,0,0
"Latvia",85662,"LV",2016,NA,NA,41.3,0.8,0.1,NA,NA,NA,NA,NA,NA,85.662,0.85662
"Latvia",85662,"LV",2017,19,NA,NA,NA,NA,NA,NA,NA,NA,NA,NA,85.662,0.85662
"Latvia",85662,"LV",2019,NA,3.6,NA,NA,NA,4.9656268353408,91.9936098302222,665,144,1912789,0.0447838209023578,85.662,0.85662
"Lebanon",248780,"LB",2016,NA,NA,51.4,0.3,0.8,NA,NA,NA,NA,NA,NA,248.78,2.4878
"Lebanon",248780,"LB",2017,29,NA,NA,NA,NA,NA,NA,NA,NA,NA,NA,248.78,2.4878
"Lebanon",248780,"LB",2019,NA,7.2,NA,NA,NA,5.89549332195732,88.5511303769937,1392174,5801,6855713,0.0362879834672192,248.78,2.4878
"Lesotho",14723,"LS",2016,NA,NA,177.6,3.1,44.4,NA,NA,NA,NA,NA,NA,14.723,0.14723
"Lesotho",14723,"LS",2017,544,NA,NA,NA,NA,NA,NA,NA,NA,NA,NA,14.723,0.14723
"Lesotho",14723,"LS",2019,NA,86.4,NA,NA,NA,12.7314607776223,45.0802861409139,143,6,2125268,0.006927596896015,14.723,0.14723
"Liberia",20793,"LR",2016,NA,NA,170.2,1.8,41.5,NA,NA,NA,NA,NA,NA,20.793,0.20793
"Liberia",20793,"LR",2017,661,NA,NA,NA,NA,NA,NA,NA,NA,NA,NA,20.793,0.20793
"Liberia",20793,"LR",2019,NA,84.6,NA,NA,NA,9.91344023749502,31.6550622520222,8225,5375,4937374,0.0042113479756648,20.793,0.20793
"Libya",211918,"LY",2016,NA,NA,71.9,0.6,0.6,NA,NA,NA,NA,NA,NA,211.918,2.11918
"Libya",211918,"LY",2017,72,NA,NA,NA,NA,NA,NA,NA,NA,NA,NA,211.918,2.11918
"Libya",211918,"LY",2019,NA,11.5,NA,NA,NA,14.556827487362,75.050321329237,4730,16033,6777452,0.0312680930827692,211.918,2.11918
"Liechtenstein",3963,"LI",2019,NA,NA,NA,NA,NA,NA,NA,125,NA,38019,0.104237355006707,3.963,0.03963
"Lithuania",205905,"LT",2016,NA,NA,34,0.7,0.1,NA,NA,NA,NA,NA,NA,205.905,2.05905
"Lithuania",205905,"LT",2017,8,NA,NA,NA,NA,NA,NA,NA,NA,NA,NA,205.905,2.05905
"Lithuania",205905,"LT",2019,NA,3.7,NA,NA,NA,5.43139588283383,91.1542757580292,1822,61,2786844,0.0738846523163837,205.905,2.05905
"Luxembourg",74960,"LU",2016,NA,NA,11.6,0.1,0.1,NA,NA,NA,NA,NA,NA,74.96,0.7496
"Luxembourg",74960,"LU",2017,5,NA,NA,NA,NA,NA,NA,NA,NA,NA,NA,74.96,0.7496
"Luxembourg",74960,"LU",2019,NA,2.8,NA,NA,NA,6.04676085887135,88.5966262598026,2548,5,619896,0.120923509750023,74.96,0.7496
"Madagascar",51628,"MG",2016,NA,NA,159.6,3.3,30.2,NA,NA,NA,NA,NA,NA,51.628,0.51628
"Madagascar",51628,"MG",2017,335,NA,NA,NA,NA,NA,NA,NA,NA,NA,NA,51.628,0.51628
"Madagascar",51628,"MG",2019,NA,50.6,NA,NA,NA,9.51518973411725,45.0253641794136,113,298,26969307,0.00191432430948263,51.628,0.51628
"Malawi",61994,"MW",2016,NA,NA,115,2,28.3,NA,NA,NA,NA,NA,NA,61.994,0.61994
"Malawi",61994,"MW",2017,349,NA,NA,NA,NA,NA,NA,NA,NA,NA,NA,61.994,0.61994
"Malawi",61994,"MW",2019,NA,41.6,NA,NA,NA,10.1643789420465,40.1883723817408,14087,606,18628747,0.00332786740836622,61.994,0.61994
"Malaysia",90668,"MY",2016,NA,NA,47.4,0.5,0.4,NA,NA,NA,NA,NA,NA,90.668,0.90668
"Malaysia",90668,"MY",2017,29,NA,NA,NA,NA,NA,NA,NA,NA,NA,NA,90.668,0.90668
"Malaysia",90668,"MY",2019,NA,8.6,NA,NA,NA,8.41842161031946,73.4429783304743,129107,1154,31949777,0.00283782888375089,90.668,0.90668
"Maldives",9191,"MV",2016,NA,NA,25.6,0,0.3,NA,NA,NA,NA,NA,NA,9.191,0.09191
"Maldives",9191,"MV",2017,53,NA,NA,NA,NA,NA,NA,NA,NA,NA,NA,9.191,0.09191
"Maldives",9191,"MV",2019,NA,7.6,NA,NA,NA,6.66248674447325,85.1781921618113,NA,75,530953,0.0173103834049341,9.191,0.09191
"Mali",48944,"ML",2016,NA,NA,209.1,3.3,70.7,NA,NA,NA,NA,NA,NA,48.944,0.48944
"Mali",48944,"ML",2017,562,NA,NA,NA,NA,NA,NA,NA,NA,NA,NA,48.944,0.48944
"Mali",48944,"ML",2019,NA,94,NA,NA,NA,9.42341482317176,30.3222602495614,26672,164461,19658031,0.00248977122886824,48.944,0.48944
"Malta",25997,"MT",2016,NA,NA,20.2,0.1,0.1,NA,NA,NA,NA,NA,NA,25.997,0.25997
"Malta",25997,"MT",2017,6,NA,NA,NA,NA,NA,NA,NA,NA,NA,NA,25.997,0.25997
"Malta",25997,"MT",2019,NA,7,NA,NA,NA,3.25265750939782,89.7452088059069,8908,5,502653,0.0517195759301148,25.997,0.25997
"Marshall Islands",0,"MH",2019,NA,31.8,NA,NA,NA,NA,NA,NA,7,58791,0,0,0
"Mauritania",57495,"MR",2016,NA,NA,169.5,1.9,38.6,NA,NA,NA,NA,NA,NA,57.495,0.57495
"Mauritania",57495,"MR",2017,766,NA,NA,NA,NA,NA,NA,NA,NA,NA,NA,57.495,0.57495
"Mauritania",57495,"MR",2019,NA,72.9,NA,NA,NA,10.2224410871213,37.0647597305999,84901,37423,4525696,0.0127041232994881,57.495,0.57495
"Mauritius",3281,"MU",2016,NA,NA,38.3,0.1,0.6,NA,NA,NA,NA,NA,NA,3.281,0.03281
"Mauritius",3281,"MU",2017,61,NA,NA,NA,NA,NA,NA,NA,NA,NA,NA,3.281,0.03281
"Mauritius",3281,"MU",2019,NA,16,NA,NA,NA,4.35411519799515,88.3814838404028,20,178,1265711,0.00259221891885272,3.281,0.03281
"Mexico",23508825,"MX",2016,NA,NA,36.7,0.4,1.1,NA,NA,NA,NA,NA,NA,23508.825,235.08825
"Mexico",23508825,"MX",2017,33,NA,NA,NA,NA,NA,NA,NA,NA,NA,NA,23508.825,235.08825
"Mexico",23508825,"MX",2019,NA,14.2,NA,NA,NA,10.4962551679616,80.4103092072542,28517,14621,127575529,0.184273780279602,23508.825,235.08825
"Micronesia",0,NA,NA,NA,NA,NA,NA,NA,NA,NA,NA,NA,NA,NA,0,0
"Moldova",482686,"MD",2016,NA,NA,78.3,1.2,0.1,NA,NA,NA,NA,NA,NA,482.686,4.82686
"Moldova",482686,"MD",2017,19,NA,NA,NA,NA,NA,NA,NA,NA,NA,NA,482.686,4.82686
"Moldova",482686,"MD",2019,NA,14.4,NA,NA,NA,6.04526188221804,89.484237974785,417,2427,2657637,0.181622245626472,482.686,4.82686
"Monaco",1530,"MC",2019,NA,3.1,NA,NA,NA,NA,NA,22,5,38964,0.0392670157068063,1.53,0.0153
"Mongolia",107,"MN",2016,NA,NA,155.9,1.6,1.3,NA,NA,NA,NA,NA,NA,0.107,0.00107
"Mongolia",107,"MN",2017,45,NA,NA,NA,NA,NA,NA,NA,NA,NA,NA,0.107,0.00107
"Mongolia",107,"MN",2018,NA,NA,NA,NA,NA,NA,NA,5,NA,NA,NA,0.107,0.00107
"Mongolia",107,"MN",2019,NA,15.6,NA,NA,NA,10.9744404544239,82.7159926018599,NA,2364,3225167,3.3176576592778e-05,0.107,0.00107
"Montenegro",89582,"ME",2016,NA,NA,78.6,0.5,0.1,NA,NA,NA,NA,NA,NA,89.582,0.89582
"Montenegro",89582,"ME",2017,6,NA,NA,NA,NA,NA,NA,NA,NA,NA,NA,89.582,0.89582
"Montenegro",89582,"ME",2019,NA,2.3,NA,NA,NA,4.48017883696707,94.1059452107939,653,659,622137,0.143990793024687,89.582,0.89582
"Morocco",987026,"MA",2016,NA,NA,49.1,0.6,1.9,NA,NA,NA,NA,NA,NA,987.026,9.87026
"Morocco",987026,"MA",2017,70,NA,NA,NA,NA,NA,NA,NA,NA,NA,NA,987.026,9.87026
"Morocco",987026,"MA",2019,NA,21.4,NA,NA,NA,6.9035818970584,84.1902894663775,6642,4637,36471769,0.0270627399510016,987.026,9.87026
"Mozambique",32361,"MZ",2016,NA,NA,110,2.9,27.6,NA,NA,NA,NA,NA,NA,32.361,0.32361
"Mozambique",32361,"MZ",2017,289,NA,NA,NA,NA,NA,NA,NA,NA,NA,NA,32.361,0.32361
"Mozambique",32361,"MZ",2019,NA,74.2,NA,NA,NA,9.39619580490294,36.1641671601934,4713,77,30366036,0.00106569721513865,32.361,0.32361
"Namibia",35759,NA,2016,NA,NA,145,1.5,18.3,NA,NA,NA,NA,NA,NA,35.759,0.35759
"Namibia",35759,NA,2017,195,NA,NA,NA,NA,NA,NA,NA,NA,NA,NA,35.759,0.35759
"Namibia",35759,NA,2019,NA,42.4,NA,NA,NA,11.8124947057211,43.0371729362929,3182,459,2494530,0.0143349649032082,35.759,0.35759
"Nepal",239293,"NP",2016,NA,NA,193.8,0.4,19.8,NA,NA,NA,NA,NA,NA,239.293,2.39293
"Nepal",239293,"NP",2017,186,NA,NA,NA,NA,NA,NA,NA,NA,NA,NA,239.293,2.39293
"Nepal",239293,"NP",2019,NA,30.8,NA,NA,NA,8.72184539648093,66.4573216682287,19570,8192,28608710,0.00836434078992027,239.293,2.39293
"Netherlands",2577552,"NL",2016,NA,NA,13.7,0.1,0.2,NA,NA,NA,NA,NA,NA,2577.552,25.77552
"Netherlands",2577552,"NL",2017,5,NA,NA,NA,NA,NA,NA,NA,NA,NA,NA,2577.552,25.77552
"Netherlands",2577552,"NL",2019,NA,4,NA,NA,NA,5.76499055099377,88.234188813408,94417,55,17332850,0.148709069772138,2577.552,25.77552
"New Zealand",7366,"NZ",2016,NA,NA,7.2,0.2,0.1,NA,NA,NA,NA,NA,NA,7.366,0.07366
"New Zealand",7366,"NZ",2017,9,NA,NA,NA,NA,NA,NA,NA,NA,NA,NA,7.366,0.07366
"New Zealand",7366,"NZ",2019,NA,4.7,NA,NA,NA,6.04337155251318,89.6018985474786,2724,34,4917000,0.00149806792759813,7.366,0.07366
"Nicaragua",37540,"NI",2016,NA,NA,55.7,0.6,2.2,NA,NA,NA,NA,NA,NA,37.54,0.3754
"Nicaragua",37540,"NI",2017,98,NA,NA,NA,NA,NA,NA,NA,NA,NA,NA,37.54,0.3754
"Nicaragua",37540,"NI",2019,NA,16.6,NA,NA,NA,8.90956217157595,81.6398958837988,322,4376,6545502,0.00573523619731535,37.54,0.3754
"Niger",25564,"NE",2016,NA,NA,251.8,4.2,70.8,NA,NA,NA,NA,NA,NA,25.564,0.25564
"Niger",25564,"NE",2017,509,NA,NA,NA,NA,NA,NA,NA,NA,NA,NA,25.564,0.25564
"Niger",25564,"NE",2019,NA,80.4,NA,NA,NA,10.4722428619647,30.3541425963808,179997,3063,23310715,0.00109666305816874,25.564,0.25564
"Nigeria",298618,"NG",2016,NA,NA,307.4,3,68.6,NA,NA,NA,NA,NA,NA,298.618,2.98618
"Nigeria",298618,"NG",2017,917,NA,NA,NA,NA,NA,NA,NA,NA,NA,NA,298.618,2.98618
"Nigeria",298618,"NG",2019,NA,117.2,NA,NA,NA,7.66039943199942,27.1317098254344,54157,295569,200963599,0.00148593079286961,298.618,2.98618
"North Macedonia",349037,"MK",2016,NA,NA,82.2,0.4,0.1,NA,NA,NA,NA,NA,NA,349.037,3.49037
"North Macedonia",349037,"MK",2017,7,NA,NA,NA,NA,NA,NA,NA,NA,NA,NA,349.037,3.49037
"North Macedonia",349037,"MK",2019,NA,6.1,NA,NA,NA,2.58451833357533,96.131870575848,354,1784,2083459,0.167527654731867,349.037,3.49037
"Norway",102486,"NO",2016,NA,NA,8.6,0.2,0.2,NA,NA,NA,NA,NA,NA,102.486,1.02486
"Norway",102486,"NO",2017,2,NA,NA,NA,NA,NA,NA,NA,NA,NA,NA,102.486,1.02486
"Norway",102486,"NO",2019,NA,2.4,NA,NA,NA,5.59829045075369,86.7221299287588,53882,5,5347896,0.0191637982488814,102.486,1.02486
"Oman",258306,"OM",2016,NA,NA,53.9,0.4,0.1,NA,NA,NA,NA,NA,NA,258.306,2.58306
"Oman",258306,"OM",2017,19,NA,NA,NA,NA,NA,NA,NA,NA,NA,NA,258.306,2.58306
"Oman",258306,"OM",2019,NA,11.4,NA,NA,NA,10.4455851006983,79.7897919025766,308,42,4974986,0.0519209501293069,258.306,2.58306
"Pakistan",2014718,"PK",2016,NA,NA,173.6,2.3,19.6,NA,NA,NA,NA,NA,NA,2014.718,20.14718
"Pakistan",2014718,"PK",2017,140,NA,NA,NA,NA,NA,NA,NA,NA,NA,NA,2014.718,20.14718
"Pakistan",2014718,"PK",2019,NA,67.2,NA,NA,NA,6.99617358473283,59.8558675161075,1419596,137190,216565318,0.00930305008487093,2014.718,20.14718
"Panama",731049,"PA",2016,NA,NA,25.8,0.4,1.9,NA,NA,NA,NA,NA,NA,731.049,7.31049
"Panama",731049,"PA",2017,52,NA,NA,NA,NA,NA,NA,NA,NA,NA,NA,731.049,7.31049
"Panama",731049,"PA",2019,NA,14.9,NA,NA,NA,8.77274038420363,77.859990559681,2536,45,4246439,0.172155775698179,731.049,7.31049
"Papua New Guinea",1471,"PG",2016,NA,NA,152,1.7,16.3,NA,NA,NA,NA,NA,NA,1.471,0.01471
"Papua New Guinea",1471,"PG",2017,145,NA,NA,NA,NA,NA,NA,NA,NA,NA,NA,1.471,0.01471
"Papua New Guinea",1471,"PG",2019,NA,44.8,NA,NA,NA,7.3734407132877,62.3545333786307,9698,475,8776109,0.000167614144263705,1.471,0.01471
"Paraguay",317202,"PY",2016,NA,NA,57.5,0.3,1.5,NA,NA,NA,NA,NA,NA,317.202,3.17202
"Paraguay",317202,"PY",2017,129,NA,NA,NA,NA,NA,NA,NA,NA,NA,NA,317.202,3.17202
"Paraguay",317202,"PY",2019,NA,19.4,NA,NA,NA,11.1075949803312,74.9383368877686,1014,84,7044636,0.0450274506731079,317.202,3.17202
"Peru",7888775,"PE",2016,NA,NA,63.9,0.9,1.3,NA,NA,NA,NA,NA,NA,7888.775,78.88775
"Peru",7888775,"PE",2017,88,NA,NA,NA,NA,NA,NA,NA,NA,NA,NA,7888.775,78.88775
"Peru",7888775,"PE",2019,NA,13.2,NA,NA,NA,9.87633625552741,72.5860849365678,2850,2765,32510453,0.242653493631725,7888.775,78.88775
"Philippines",1629353,"PH",2016,NA,NA,185.2,0.2,4.2,NA,NA,NA,NA,NA,NA,1629.353,16.29353
"Philippines",1629353,"PH",2017,121,NA,NA,NA,NA,NA,NA,NA,NA,NA,NA,1629.353,16.29353
"Philippines",1629353,"PH",2019,NA,27.3,NA,NA,NA,5.96919013955976,69.7491443602475,680,552,108116615,0.0150703293846186,1629.353,16.29353
"Poland",3410250,"PL",2016,NA,NA,37.9,0.2,0.1,NA,NA,NA,NA,NA,NA,3410.25,34.1025
"Poland",3410250,"PL",2017,2,NA,NA,NA,NA,NA,NA,NA,NA,NA,NA,3410.25,34.1025
"Poland",3410250,"PL",2019,NA,4.4,NA,NA,NA,4.24088228218582,89.906897649352,12658,961,37970874,0.0898122597862772,3410.25,34.1025
"Portugal",1253533,"PT",2016,NA,NA,9.8,0.3,0.2,NA,NA,NA,NA,NA,NA,1253.533,12.53533
"Portugal",1253533,"PT",2017,8,NA,NA,NA,NA,NA,NA,NA,NA,NA,NA,1253.533,12.53533
"Portugal",1253533,"PT",2019,NA,3.7,NA,NA,NA,4.79371579293751,86.6892779439777,2375,25,10269417,0.122064670272908,1253.533,12.53533
"Qatar",55042,"QA",2016,NA,NA,47.4,0.4,0.1,NA,NA,NA,NA,NA,NA,55.042,0.55042
"Qatar",55042,"QA",2017,9,NA,NA,NA,NA,NA,NA,NA,NA,NA,NA,55.042,0.55042
"Qatar",55042,"QA",2019,NA,6.5,NA,NA,NA,18.1595052295684,76.8900092385815,202,36,2832067,0.0194352746598156,55.042,0.55042
"Romania",2241859,"RO",2016,NA,NA,59.3,0.4,0.4,NA,NA,NA,NA,NA,NA,2241.859,22.41859
"Romania",2241859,"RO",2017,19,NA,NA,NA,NA,NA,NA,NA,NA,NA,NA,2241.859,22.41859
"Romania",2241859,"RO",2019,NA,7,NA,NA,NA,3.63515880942512,91.037146163309,3860,1352,19356544,0.115819177225025,2241.859,22.41859
"Russia",8815032,NA,NA,NA,NA,NA,NA,NA,NA,NA,NA,NA,NA,NA,8815.032,88.15032
"Rwanda",15356,"RW",2016,NA,NA,121.4,2.4,19.3,NA,NA,NA,NA,NA,NA,15.356,0.15356
"Rwanda",15356,"RW",2017,248,NA,NA,NA,NA,NA,NA,NA,NA,NA,NA,15.356,0.15356
"Rwanda",15356,"RW",2019,NA,34.3,NA,NA,NA,11.4263943162598,50.3926880607269,145054,246698,12626950,0.00121612899393757,15.356,0.15356
"Saint Kitts and Nevis",0,NA,NA,NA,NA,NA,NA,NA,NA,NA,NA,NA,NA,NA,0,0
"Saint Lucia",951,NA,NA,NA,NA,NA,NA,NA,NA,NA,NA,NA,NA,NA,0.951,0.00951
"Saint Vincent and the Grenadines",147,NA,NA,NA,NA,NA,NA,NA,NA,NA,NA,NA,NA,NA,0.147,0.00147
"Samoa",0,"WS",2016,NA,NA,85,0.5,1.5,NA,NA,NA,NA,NA,NA,0,0
"Samoa",0,"WS",2017,43,NA,NA,NA,NA,NA,NA,NA,NA,NA,NA,0,0
"Samoa",0,"WS",2018,NA,NA,NA,NA,NA,NA,NA,5,NA,NA,NA,0,0
"Samoa",0,"WS",2019,NA,15,NA,NA,NA,7.88275737702493,81.751376205632,NA,NA,197097,0,0,0
"San Marino",15713,"SM",2019,NA,1.7,NA,NA,NA,NA,NA,NA,NA,33860,0.464057885410514,15.713,0.15713
"Sao Tome and Principe",4404,"ST",2016,NA,NA,162.4,0.9,11.4,NA,NA,NA,NA,NA,NA,4.404,0.04404
"Sao Tome and Principe",4404,"ST",2017,130,NA,NA,NA,NA,NA,NA,NA,NA,NA,NA,4.404,0.04404
"Sao Tome and Principe",4404,"ST",2019,NA,29.8,NA,NA,NA,11.4148873749694,57.630449772173,NA,28,215056,0.0204783870247749,4.404,0.04404
"Saudi Arabia",1219618,"SA",2016,NA,NA,83.7,0.7,0.1,NA,NA,NA,NA,NA,NA,1219.618,12.19618
"Saudi Arabia",1219618,"SA",2017,17,NA,NA,NA,NA,NA,NA,NA,NA,NA,NA,1219.618,12.19618
"Saudi Arabia",1219618,"SA",2019,NA,6.6,NA,NA,NA,19.4592222972666,73.410221100722,315,1762,34268528,0.0355900317632552,1219.618,12.19618
"Senegal",89034,"SN",2016,NA,NA,160.7,2.3,23.9,NA,NA,NA,NA,NA,NA,89.034,0.89034
"Senegal",89034,"SN",2017,315,NA,NA,NA,NA,NA,NA,NA,NA,NA,NA,89.034,0.89034
"Senegal",89034,"SN",2019,NA,45.3,NA,NA,NA,11.335051948198,44.9103407806288,14467,17203,16296364,0.00546342730194294,89.034,0.89034
"Serbia",422342,"RS",2016,NA,NA,62.5,0.3,0.7,NA,NA,NA,NA,NA,NA,422.342,4.22342
"Serbia",422342,"RS",2017,12,NA,NA,NA,NA,NA,NA,NA,NA,NA,NA,422.342,4.22342
"Serbia",422342,"RS",2019,NA,5.3,NA,NA,NA,2.37438662942997,94.9158841872602,26427,31251,6944975,0.0608126019172135,422.342,4.22342
"Seychelles",246,"SC",2016,NA,NA,49.3,0.6,0.2,NA,NA,NA,NA,NA,NA,0.246,0.00246
"Seychelles",246,"SC",2017,53,NA,NA,NA,NA,NA,NA,NA,NA,NA,NA,0.246,0.00246
"Seychelles",246,"SC",2019,NA,14.2,NA,NA,NA,7.53426106067687,78.9806538080804,NA,15,97625,0.00251984635083227,0.246,0.00246
"Sierra Leone",19821,"SL",2016,NA,NA,324.1,4.1,81.3,NA,NA,NA,NA,NA,NA,19.821,0.19821
"Sierra Leone",19821,"SL",2017,1120,NA,NA,NA,NA,NA,NA,NA,NA,NA,NA,19.821,0.19821
"Sierra Leone",19821,"SL",2019,NA,109.2,NA,NA,NA,9.24984218649174,34.0743981626212,441,5268,7813215,0.00253685582695472,19.821,0.19821
"Singapore",8390,"SG",2016,NA,NA,25.9,0.1,0.1,NA,NA,NA,NA,NA,NA,8.39,0.0839
"Singapore",8390,"SG",2017,8,NA,NA,NA,NA,NA,NA,NA,NA,NA,NA,8.39,0.0839
"Singapore",8390,"SG",2019,NA,2.5,NA,NA,NA,4.27353050170409,75.0212481147359,NA,39,5703569,0.00147100876661613,8.39,0.0839
"Slovakia",310453,NA,NA,NA,NA,NA,NA,NA,NA,NA,NA,NA,NA,NA,310.453,3.10453
"Slovenia",304263,"SI",2016,NA,NA,22.6,0.3,0.1,NA,NA,NA,NA,NA,NA,304.263,3.04263
"Slovenia",304263,"SI",2017,7,NA,NA,NA,NA,NA,NA,NA,NA,NA,NA,304.263,3.04263
"Slovenia",304263,"SI",2019,NA,2.1,NA,NA,NA,7.35694422198643,89.9880996804389,741,19,2087946,0.145723596299904,304.263,3.04263
"Solomon Islands",0,"SB",2015,NA,NA,NA,NA,NA,NA,NA,5,NA,NA,NA,0,0
"Solomon Islands",0,"SB",2016,NA,NA,137,0.9,6.2,NA,NA,NA,NA,NA,NA,0,0
"Solomon Islands",0,"SB",2017,104,NA,NA,NA,NA,NA,NA,NA,NA,NA,NA,0,0
"Solomon Islands",0,"SB",2019,NA,19.7,NA,NA,NA,9.76886012120253,66.8316987763344,NA,27,669823,0,0,0
"Somalia",31253,"SO",2016,NA,NA,212.8,4.6,86.6,NA,NA,NA,NA,NA,NA,31.253,0.31253
"Somalia",31253,"SO",2017,829,NA,NA,NA,NA,NA,NA,NA,NA,NA,NA,31.253,0.31253
"Somalia",31253,"SO",2019,NA,117,NA,NA,NA,9.10451274150765,29.8790260671022,17882,905109,15442905,0.00202377726211487,31.253,0.31253
"South Africa",5241631,"ZA",2016,NA,NA,86.7,1.2,13.7,NA,NA,NA,NA,NA,NA,5241.631,52.41631
"South Africa",5241631,"ZA",2017,119,NA,NA,NA,NA,NA,NA,NA,NA,NA,NA,5241.631,52.41631
"South Africa",5241631,"ZA",2019,NA,34.5,NA,NA,NA,12.9895858197131,51.3300565987341,89285,441,58558270,0.0895113704691071,5241.631,52.41631
"South Sudan",14244,"SS",2016,NA,NA,165.1,4,63.3,NA,NA,NA,NA,NA,NA,14.244,0.14244
"South Sudan",14244,"SS",2017,1150,NA,NA,NA,NA,NA,NA,NA,NA,NA,NA,14.244,0.14244
"South Sudan",14244,"SS",2019,NA,96.2,NA,NA,NA,10.7549011322041,27.9405168965776,298309,2234814,11062113,0.00128763826585391,14.244,0.14244
"Spain",11933367,"ES",2016,NA,NA,9.9,0.2,0.2,NA,NA,NA,NA,NA,NA,11933.367,119.33367
"Spain",11933367,"ES",2017,4,NA,NA,NA,NA,NA,NA,NA,NA,NA,NA,11933.367,119.33367
"Spain",11933367,"ES",2019,NA,3.1,NA,NA,NA,3.62210162451938,90.7674536252155,57751,51,47076781,0.25348731893967,11933.367,119.33367
"Sri Lanka",26595,"LK",2016,NA,NA,79.8,0.4,1.2,NA,NA,NA,NA,NA,NA,26.595,0.26595
"Sri Lanka",26595,"LK",2017,36,NA,NA,NA,NA,NA,NA,NA,NA,NA,NA,26.595,0.26595
"Sri Lanka",26595,"LK",2019,NA,7.1,NA,NA,NA,8.0110528250866,82.5187048538365,1041,110348,21803000,0.00121978626794478,26.595,0.26595
"Sudan",283075,"SD",2016,NA,NA,184.9,3.9,17.3,NA,NA,NA,NA,NA,NA,283.075,2.83075
"Sudan",283075,"SD",2017,295,NA,NA,NA,NA,NA,NA,NA,NA,NA,NA,283.075,2.83075
"Sudan",283075,"SD",2019,NA,58.4,NA,NA,NA,10.5091032751335,53.9452462094465,1055489,734947,42813238,0.00661185682802128,283.075,2.83075
"Suriname",23761,"SR",2016,NA,NA,56.7,0.4,2,NA,NA,NA,NA,NA,NA,23.761,0.23761
"Suriname",23761,"SR",2017,120,NA,NA,NA,NA,NA,NA,NA,NA,NA,NA,23.761,0.23761
"Suriname",23761,"SR",2019,NA,18,NA,NA,NA,9.57560006869921,78.6097363921946,44,17,581363,0.0408711940732382,23.761,0.23761
"Sweden",2050355,"SE",2016,NA,NA,7.2,0.4,0.2,NA,NA,NA,NA,NA,NA,2050.355,20.50355
"Sweden",2050355,"SE",2017,4,NA,NA,NA,NA,NA,NA,NA,NA,NA,NA,2050.355,20.50355
"Sweden",2050355,"SE",2019,NA,2.6,NA,NA,NA,5.03745873904773,89.0470759204382,253787,13,10285453,0.199345133364568,2050.355,20.50355
"Switzerland",1207690,"CH",2016,NA,NA,10.1,0.1,0.1,NA,NA,NA,NA,NA,NA,1207.69,12.0769
"Switzerland",1207690,"CH",2017,5,NA,NA,NA,NA,NA,NA,NA,NA,NA,NA,1207.69,12.0769
"Switzerland",1207690,"CH",2019,NA,4,NA,NA,NA,5.69826863764251,89.5529243677502,110162,5,8574832,0.140841243303659,1207.69,12.0769
"Syria",92220,NA,NA,NA,NA,NA,NA,NA,NA,NA,NA,NA,NA,NA,92.22,0.9222
"Taiwan*",2371,NA,NA,NA,NA,NA,NA,NA,NA,NA,NA,NA,NA,NA,2.371,0.02371
"Tajikistan",21018,"TJ",2016,NA,NA,129.3,1.2,2.7,NA,NA,NA,NA,NA,NA,21.018,0.21018
"Tajikistan",21018,"TJ",2017,17,NA,NA,NA,NA,NA,NA,NA,NA,NA,NA,21.018,0.21018
"Tajikistan",21018,"TJ",2019,NA,33.8,NA,NA,NA,7.31925734409598,73.1880151836871,3788,1987,9321018,0.00225490391714725,21.018,0.21018
"Tanzania",6437,"TZ",2016,NA,NA,139,2.7,38.4,NA,NA,NA,NA,NA,NA,6.437,0.06437
"Tanzania",6437,"TZ",2017,524,NA,NA,NA,NA,NA,NA,NA,NA,NA,NA,6.437,0.06437
"Tanzania",6437,"TZ",2019,NA,50.3,NA,NA,NA,11.2818740241766,34.3811377618399,242171,849,58005463,0.000110972306177437,6.437,0.06437
"Thailand",19670,"TH",2016,NA,NA,61.5,0.4,3.5,NA,NA,NA,NA,NA,NA,19.67,0.1967
"Thailand",19670,"TH",2017,37,NA,NA,NA,NA,NA,NA,NA,NA,NA,NA,19.67,0.1967
"Thailand",19670,"TH",2019,NA,9,NA,NA,NA,9.51406469826445,76.5819668572181,97556,482,69625582,0.000282511103461943,19.67,0.1967
"Timor-Leste",0,"TL",2016,NA,NA,139.8,0.4,9.9,NA,NA,NA,NA,NA,NA,0,0
"Timor-Leste",0,"TL",2017,142,NA,NA,NA,NA,NA,NA,NA,NA,NA,NA,0,0
"Timor-Leste",0,"TL",2019,NA,44.2,NA,NA,NA,6.86081927085795,53.083942403429,NA,17,1293119,0,0,0
"Togo",12954,"TG",2016,NA,NA,249.6,2.4,41.6,NA,NA,NA,NA,NA,NA,12.954,0.12954
"Togo",12954,"TG",2017,396,NA,NA,NA,NA,NA,NA,NA,NA,NA,NA,12.954,0.12954
"Togo",12954,"TG",2019,NA,66.9,NA,NA,NA,10.3170844572584,41.1204738449955,11964,8022,8082366,0.00160274850210941,12.954,0.12954
"Trinidad and Tobago",20423,"TT",2016,NA,NA,38.6,0.2,0.1,NA,NA,NA,NA,NA,NA,20.423,0.20423
"Trinidad and Tobago",20423,"TT",2017,67,NA,NA,NA,NA,NA,NA,NA,NA,NA,NA,20.423,0.20423
"Trinidad and Tobago",20423,"TT",2019,NA,17.5,NA,NA,NA,10.3633819137224,82.6593998696751,2308,307,1394973,0.0146404267322737,20.423,0.20423
"Tunisia",579321,"TN",2016,NA,NA,56.1,0.5,1,NA,NA,NA,NA,NA,NA,579.321,5.79321
"Tunisia",579321,"TN",2017,43,NA,NA,NA,NA,NA,NA,NA,NA,NA,NA,579.321,5.79321
"Tunisia",579321,"TN",2019,NA,16.9,NA,NA,NA,6.91074046240076,85.9446988729274,1732,2068,11694719,0.0495369747661316,579.321,5.79321
"Turkey",3454180,"TR",2016,NA,NA,46.6,0.3,0.3,NA,NA,NA,NA,NA,NA,3454.18,34.5418
"Turkey",3454180,"TR",2017,17,NA,NA,NA,NA,NA,NA,NA,NA,NA,NA,3454.18,34.5418
"Turkey",3454180,"TR",2019,NA,10,NA,NA,NA,4.66807225367062,90.1666080124334,3579531,83271,83429615,0.0414023245822242,3454.18,34.5418
"Uganda",34069,"UG",2016,NA,NA,155.7,3.2,31.6,NA,NA,NA,NA,NA,NA,34.069,0.34069
"Uganda",34069,"UG",2017,375,NA,NA,NA,NA,NA,NA,NA,NA,NA,NA,34.069,0.34069
"Uganda",34069,"UG",2019,NA,45.8,NA,NA,NA,12.7585185774618,35.5809226467057,1359458,7479,44269594,0.00076958013213313,34.069,0.34069
"Ukraine",2521602,"UA",2016,NA,NA,70.7,2.5,0.3,NA,NA,NA,NA,NA,NA,2521.602,25.21602
"Ukraine",2521602,"UA",2017,19,NA,NA,NA,NA,NA,NA,NA,NA,NA,NA,2521.602,25.21602
"Ukraine",2521602,"UA",2019,NA,8.4,NA,NA,NA,5.01101815960154,91.8551649320085,2166,59839,44385155,0.056811832694963,2521.602,25.21602
"United Arab Emirates",146735,"AE",2016,NA,NA,54.7,0.3,0.1,NA,NA,NA,NA,NA,NA,146.735,1.46735
"United Arab Emirates",146735,"AE",2017,3,NA,NA,NA,NA,NA,NA,NA,NA,NA,NA,146.735,1.46735
"United Arab Emirates",146735,"AE",2019,NA,7.5,NA,NA,NA,15.8086878707137,77.0996232320676,1242,155,9770529,0.015018122355504,146.735,1.46735
"United Kingdom",17008713,"GB",2016,NA,NA,13.8,0.2,0.2,NA,NA,NA,NA,NA,NA,17008.713,170.08713
"United Kingdom",17008713,"GB",2017,7,NA,NA,NA,NA,NA,NA,NA,NA,NA,NA,17008.713,170.08713
"United Kingdom",17008713,"GB",2019,NA,4.3,NA,NA,NA,3.68614740758269,88.1570765293416,133083,69,66834405,0.254490378121867,17008.713,170.08713
"Uruguay",34407,"UY",2016,NA,NA,17.5,0.4,0.4,NA,NA,NA,NA,NA,NA,34.407,0.34407
"Uruguay",34407,"UY",2017,17,NA,NA,NA,NA,NA,NA,NA,NA,NA,NA,34.407,0.34407
"Uruguay",34407,"UY",2019,NA,7.1,NA,NA,NA,7.33568967755435,85.51001841335,498,15,3461734,0.00993923854345828,34.407,0.34407
"US",71007570,NA,NA,NA,NA,NA,NA,NA,NA,NA,NA,NA,NA,NA,71007.57,710.0757
"Uzbekistan",109696,"UZ",2016,NA,NA,81.1,1,0.4,NA,NA,NA,NA,NA,NA,109.696,1.09696
"Uzbekistan",109696,"UZ",2017,29,NA,NA,NA,NA,NA,NA,NA,NA,NA,NA,109.696,1.09696
"Uzbekistan",109696,"UZ",2019,NA,17.4,NA,NA,NA,6.6096658662414,85.1820186447499,13,3217,33580650,0.00326664314121376,109.696,1.09696
"Vanuatu",0,"VU",2016,NA,NA,135.6,0.9,10.4,NA,NA,NA,NA,NA,NA,0,0
"Vanuatu",0,"VU",2017,72,NA,NA,NA,NA,NA,NA,NA,NA,NA,NA,0,0
"Vanuatu",0,"VU",2019,NA,25.9,NA,NA,NA,9.21739293373837,73.9255570040283,NA,NA,299882,0,0,0
"Venezuela",171093,NA,NA,NA,NA,NA,NA,NA,NA,NA,NA,NA,NA,NA,171.093,1.71093
"Vietnam",6833,"VN",2016,NA,NA,64.5,0.9,1.6,NA,NA,NA,NA,NA,NA,6.833,0.06833
"Vietnam",6833,"VN",2017,43,NA,NA,NA,NA,NA,NA,NA,NA,NA,NA,6.833,0.06833
"Vietnam",6833,"VN",2019,NA,19.9,NA,NA,NA,9.32848946693106,81.3665708335802,NA,316441,96462106,7.08361063566246e-05,6.833,0.06833
"West Bank and Gaza",172830,"PS",2017,27,NA,NA,NA,NA,NA,NA,NA,NA,NA,NA,172.83,1.7283
"West Bank and Gaza",172830,"PS",2019,NA,19.4,NA,NA,NA,NA,NA,2319073,96318,4685306,0.0368876653947469,172.83,1.7283
"World",343653702,"1W",2016,NA,NA,114.160821721311,1.45149685437926,11.7612227378047,NA,NA,NA,NA,NA,NA,343653.702,3436.53702
"World",343653702,"1W",2017,211,NA,NA,NA,NA,NA,NA,NA,NA,NA,NA,343653.702,3436.53702
"World",343653702,"1W",2019,NA,37.7,NA,NA,NA,7.95732820725395,73.6338213036619,26074648,26074648,7673533974,0.0447842810319719,343653.702,3436.53702
"Yemen",142733,NA,NA,NA,NA,NA,NA,NA,NA,NA,NA,NA,NA,NA,142.733,1.42733
"Zambia",92161,"ZM",2016,NA,NA,127.2,2.9,34.9,NA,NA,NA,NA,NA,NA,92.161,0.92161
"Zambia",92161,"ZM",2017,213,NA,NA,NA,NA,NA,NA,NA,NA,NA,NA,92.161,0.92161
"Zambia",92161,"ZM",2019,NA,61.7,NA,NA,NA,8.68976437239104,34.7923815115643,57518,261,17861030,0.00515989279453649,92.161,0.92161
"Zimbabwe",92601,"ZW",2016,NA,NA,133,2.2,24.6,NA,NA,NA,NA,NA,NA,92.601,0.92601
"Zimbabwe",92601,"ZW",2017,458,NA,NA,NA,NA,NA,NA,NA,NA,NA,NA,92.601,0.92601
"Zimbabwe",92601,"ZW",2019,NA,54.6,NA,NA,NA,13.0944706390617,39.2582275747306,8956,10603,14645468,0.00632284335331585,92.601,0.92601
